TableName,TableType,Tier,Plan,Retention,Status,LastIngestion,TotalGB,EstCostUSD
AppTraces,Microsoft,HOT,Analytics,90,HAS DATA,03-02-2026 06:00,108.3689,299.0982
SecurityEvent,Microsoft,HOT,Analytics,90,HAS DATA,03-02-2026 06:00,89.2817,246.4175
BehaviorAnalytics,Microsoft,HOT,Analytics,90,HAS DATA,03-02-2026 06:00,16.7646,46.2703
AzureDiagnostics,CustomLog,HOT,Analytics,90,HAS DATA,03-02-2026 06:00,11.2017,30.9167
AppExceptions,Microsoft,HOT,Analytics,90,HAS DATA,03-02-2026 06:00,8.8741,24.4925
ThreatIntelIndicators,Microsoft,HOT,Analytics,90,HAS DATA,03-02-2026 06:00,7.6887,21.2208
DeviceProcessEvents,Microsoft,HOT,Analytics,90,HAS DATA,03-02-2026 06:00,7.5427,20.8179
desktopcentral_SRCH,SearchResults,HOT,Analytics,90,HAS DATA,02-09-2026 13:00,6.1473,16.9665
DeviceEvents,Microsoft,HOT,Analytics,90,HAS DATA,03-02-2026 06:00,5.5354,15.2777
SentinelHealth,Microsoft,HOT,Analytics,90,HAS DATA,03-02-2026 06:00,4.2296,11.6737
DefectDojoFindings_CL,CustomLog,HOT,Analytics,90,HAS DATA,03-02-2026 06:00,4.1915,11.5685
AppMetrics,Microsoft,HOT,Analytics,90,HAS DATA,03-02-2026 06:00,3.8718,10.6862
CloudAppEvents,Microsoft,HOT,Analytics,90,HAS DATA,03-02-2026 06:00,3.2526,8.9772
SecurityRecommendation,Microsoft,HOT,Analytics,90,HAS DATA,03-02-2026 04:00,2.1393,5.9045
Event,Microsoft,HOT,Analytics,90,HAS DATA,03-02-2026 06:00,1.8715,5.1653
Forcepointdlp_CL,CustomLog,HOT,Analytics,90,HAS DATA,03-02-2026 06:00,1.7266,4.7654
SigninLogs,Microsoft,HOT,Analytics,90,HAS DATA,03-02-2026 06:00,1.6746,4.6219
AppRequests,Microsoft,HOT,Analytics,90,HAS DATA,03-02-2026 06:00,1.2867,3.5513
DeviceNetworkEvents,Microsoft,HOT,Analytics,90,HAS DATA,03-02-2026 06:00,1.2731,3.5138
AzureActivity,Microsoft,HOT,Analytics,90,HAS DATA,03-02-2026 06:00,0.7949,2.1939
AzureMetrics,Microsoft,HOT,Analytics,90,HAS DATA,03-02-2026 06:00,0.6279,1.733
Heartbeat,Microsoft,HOT,Analytics,90,HAS DATA,03-02-2026 06:00,0.5503,1.5188
SecurityAttackPathData,Microsoft,HOT,Analytics,90,HAS DATA,03-02-2026 05:00,0.4967,1.3709
OfficeActivity,Microsoft,HOT,Analytics,90,HAS DATA,03-02-2026 06:00,0.4594,1.2679
AppPerformanceCounters,Microsoft,HOT,Analytics,90,HAS DATA,03-02-2026 06:00,0.399,1.1012
Watchlist,Microsoft,HOT,Analytics,90,HAS DATA,03-02-2026 06:00,0.2954,0.8153
AuditLogs,Microsoft,HOT,Analytics,90,HAS DATA,03-02-2026 06:00,0.2357,0.6505
LAQueryLogs,Microsoft,HOT,Analytics,90,HAS DATA,03-02-2026 06:00,0.231,0.6376
DeviceNetworkInfo,Microsoft,HOT,Analytics,90,HAS DATA,03-02-2026 06:00,0.2066,0.5702
EmailUrlInfo,Microsoft,HOT,Analytics,90,HAS DATA,03-02-2026 06:00,0.1866,0.515
AlertEvidence,Microsoft,HOT,Analytics,90,HAS DATA,03-02-2026 06:00,0.1642,0.4532
SecurityIncident,Microsoft,HOT,Analytics,90,HAS DATA,03-02-2026 06:00,0.1587,0.438
EmailEvents,Microsoft,HOT,Analytics,90,HAS DATA,03-02-2026 06:00,0.1252,0.3456
AADManagedIdentitySignInLogs,Microsoft,HOT,Analytics,60,HAS DATA,03-02-2026 06:00,0.121,0.334
DeviceInfo,Microsoft,HOT,Analytics,90,HAS DATA,03-02-2026 06:00,0.1108,0.3058
SecurityNestedRecommendation,Microsoft,HOT,Analytics,90,HAS DATA,2/25/2026 4:00:00 PM,0.1088,0.3003
UserPeerAnalytics,Microsoft,HOT,Analytics,90,HAS DATA,03-02-2026 02:00,0.0925,0.2553
SecurityAlert,Microsoft,HOT,Analytics,90,HAS DATA,03-02-2026 06:00,0.0795,0.2194
EasmAssetWebComponent_CL,CustomLog,HOT,Analytics,90,HAS DATA,03-01-2026 21:00,0.0723,0.1995
EmailAttachmentInfo,Microsoft,HOT,Analytics,90,HAS DATA,03-02-2026 06:00,0.067,0.1849
SecurityRegulatoryCompliance,Microsoft,HOT,Analytics,90,HAS DATA,03-01-2026 09:00,0.0599,0.1653
SecurityBaseline,Microsoft,HOT,Analytics,90,HAS DATA,03-02-2026 01:00,0.0459,0.1267
IdentityLogonEvents,Microsoft,HOT,Analytics,90,HAS DATA,03-02-2026 06:00,0.0394,0.1087
EasmHostAsset_CL,CustomLog,HOT,Analytics,90,HAS DATA,03-01-2026 21:00,0.0276,0.0762
EasmPageAsset_CL,CustomLog,HOT,Analytics,90,HAS DATA,03-01-2026 21:00,0.0241,0.0665
Syslog,Microsoft,HOT,Analytics,90,HAS DATA,1/28/2026 5:00:00 PM,0.022,0.0607
Update,Microsoft,HOT,Analytics,90,HAS DATA,03-02-2026 04:00,0.0193,0.0533
AADProvisioningLogs,Microsoft,HOT,Analytics,90,HAS DATA,03-01-2026 12:00,0.0169,0.0466
SecureScoreControls,Microsoft,HOT,Analytics,90,HAS DATA,2/28/2026 10:00:00 PM,0.0093,0.0257
EasmAssetBanner_CL,CustomLog,HOT,Analytics,90,HAS DATA,03-01-2026 21:00,0.0083,0.0229
ProtectionStatus,Microsoft,HOT,Analytics,90,HAS DATA,03-02-2026 06:00,0.0072,0.0199
IdentityInfo,Microsoft,HOT,Analytics,90,HAS DATA,03-02-2026 06:00,0.0067,0.0185
AlertInfo,Microsoft,HOT,Analytics,90,HAS DATA,03-02-2026 06:00,0.006,0.0166
IntuneDevices,Microsoft,HOT,Analytics,90,HAS DATA,03-01-2026 12:00,0.0051,0.0141
EasmAsset_CL,CustomLog,HOT,Analytics,90,HAS DATA,03-01-2026 21:00,0.005,0.0138
EasmIpAddressAsset_CL,CustomLog,HOT,Analytics,90,HAS DATA,03-01-2026 21:00,0.0046,0.0127
IntuneAuditLogs,Microsoft,HOT,Analytics,90,HAS DATA,2/26/2026 12:00:00 PM,0.0036,0.0099
IntuneDeviceComplianceOrg,Microsoft,HOT,Analytics,90,HAS DATA,03-01-2026 12:00,0.0033,0.0091
Operation,Microsoft,HOT,Analytics,90,HAS DATA,03-02-2026 06:00,0.0025,0.0069
Anomalies,Microsoft,HOT,Analytics,90,HAS DATA,03-01-2026 07:00,0.0018,0.005
MicrosoftPurviewInformationProtection,Microsoft,HOT,Analytics,90,HAS DATA,2/27/2026 8:00:00 AM,0.0015,0.0041
EasmRisk_CL,CustomLog,HOT,Analytics,90,HAS DATA,03-01-2026 21:00,0.0014,0.0039
EasmDomainAsset_CL,CustomLog,HOT,Analytics,90,HAS DATA,03-01-2026 21:00,0.0013,0.0036
UpdateSummary,Microsoft,HOT,Analytics,90,HAS DATA,03-02-2026 04:00,0.0011,0.003
EasmSslCertAsset_CL,CustomLog,HOT,Analytics,90,HAS DATA,03-01-2026 21:00,0.0007,0.0019
PowerPlatformAdminActivity,Microsoft,HOT,Analytics,90,HAS DATA,03-01-2026 09:00,0.0006,0.0017
SqlAtpStatus,Microsoft,HOT,Analytics,90,HAS DATA,03-02-2026 06:00,0.0006,0.0017
virustotal_CL,CustomLog,HOT,Analytics,90,HAS DATA,12-08-2025 17:00,0.0005,0.0014
SecurityBaselineSummary,Microsoft,HOT,Analytics,90,HAS DATA,03-02-2026 01:00,0.0002,0.0006
SqlVulnerabilityAssessmentScanStatus,Microsoft,HOT,Analytics,90,HAS DATA,03-02-2026 01:00,0.0001,0.0003
EasmContactAsset_CL,CustomLog,HOT,Analytics,90,HAS DATA,03-01-2026 21:00,0.0001,0.0003
SecureScores,Microsoft,HOT,Analytics,90,HAS DATA,2/28/2026 2:00:00 PM,0.0001,0.0003
PowerBIActivity,Microsoft,HOT,Analytics,90,HAS DATA,03-01-2026 13:00,0.0001,0.0003
Workvivo_CL,CustomLog,HOT,Analytics,90,HAS DATA,03-02-2026 06:00,0.0001,0.0003
IntuneOperationalLogs,Microsoft,HOT,Analytics,90,HAS DATA,03-02-2026 04:00,0.0001,0.0003
abuseip_CL,CustomLog,HOT,Analytics,90,HAS DATA,12/13/2025 1:00:00 AM,0.0001,0.0003
SentinelAudit,Microsoft,HOT,Analytics,90,HAS DATA,03-01-2026 15:00,0.0001,0.0003
ThreatIntelObjects,Microsoft,HOT,Analytics,90,HAS DATA,2/23/2026 7:00:00 PM,0.0001,0.0003
AADUserRiskEvents,Microsoft,HOT,Analytics,90,HAS DATA,03-02-2026 06:00,0.0001,0.0003
ADFActivityRun,Microsoft,HOT,Analytics,90,NO INGESTION,No Ingestion,0,0
OracleCloudDatabase,Microsoft,HOT,Analytics,90,NO INGESTION,No Ingestion,0,0
DeviceCustomImageLoadEvents,Microsoft,HOT,Analytics,90,NO INGESTION,No Ingestion,0,0
AirflowDagProcessingLogs,Microsoft,HOT,Analytics,90,NO INGESTION,No Ingestion,0,0
ADFAirflowSchedulerLogs,Microsoft,HOT,Analytics,90,NO INGESTION,No Ingestion,0,0
ADFAirflowTaskLogs,Microsoft,HOT,Analytics,90,NO INGESTION,No Ingestion,0,0
ADFAirflowWebLogs,Microsoft,HOT,Analytics,90,NO INGESTION,No Ingestion,0,0
ADFAirflowWorkerLogs,Microsoft,HOT,Analytics,90,NO INGESTION,No Ingestion,0,0
WorkloadDiagnosticLogs,Microsoft,HOT,Analytics,90,NO INGESTION,No Ingestion,0,0
SynapseLinkEvent,Microsoft,HOT,Analytics,90,NO INGESTION,No Ingestion,0,0
SynapseIntegrationTriggerRuns,Microsoft,HOT,Analytics,90,NO INGESTION,No Ingestion,0,0
SQLSecurityAuditEvents,Microsoft,HOT,Analytics,90,NO INGESTION,No Ingestion,0,0
SynapseScopePoolScopeJobsEnded,Microsoft,HOT,Analytics,90,NO INGESTION,No Ingestion,0,0
SynapseScopePoolScopeJobsStateChange,Microsoft,HOT,Analytics,90,NO INGESTION,No Ingestion,0,0
UCDOStatus,Microsoft,HOT,Analytics,90,NO INGESTION,No Ingestion,0,0
UCDOAggregatedStatus,Microsoft,HOT,Analytics,90,NO INGESTION,No Ingestion,0,0
AppServiceConsoleLogs,Microsoft,HOT,Analytics,90,NO INGESTION,No Ingestion,0,0
ATCPrivatePeeringMetadata,Microsoft,HOT,Analytics,90,NO INGESTION,No Ingestion,0,0
AutoscaleEvaluationsLog,Microsoft,HOT,Analytics,90,NO INGESTION,No Ingestion,0,0
FunctionAppLogs,Microsoft,HOT,Analytics,90,NO INGESTION,No Ingestion,0,0
AACHttpRequest,Microsoft,HOT,Analytics,90,NO INGESTION,No Ingestion,0,0
AppServiceEnvironmentPlatformLogs,Microsoft,HOT,Analytics,90,NO INGESTION,No Ingestion,0,0
PerfInsightsImpactedResources,Microsoft,HOT,Analytics,90,NO INGESTION,No Ingestion,0,0
AppPageViews,Microsoft,HOT,Analytics,90,NO INGESTION,No Ingestion,0,0
PerfInsightsFindings,Microsoft,HOT,Analytics,90,NO INGESTION,No Ingestion,0,0
PerfInsightsRun,Microsoft,HOT,Analytics,90,NO INGESTION,No Ingestion,0,0
AppSystemEvents,Microsoft,HOT,Analytics,90,HAS DATA,02-02-2026 04:00,0,0
WVDCheckpoints,Microsoft,HOT,Analytics,90,NO INGESTION,No Ingestion,0,0
AADDomainServicesSystemSecurity,Microsoft,HOT,Analytics,90,NO INGESTION,No Ingestion,0,0
DataSetOutput,Microsoft,HOT,Analytics,90,NO INGESTION,No Ingestion,0,0
DatabricksTables,Microsoft,HOT,Analytics,90,NO INGESTION,No Ingestion,0,0
DataSetRuns,Microsoft,HOT,Analytics,90,NO INGESTION,No Ingestion,0,0
ACSEmailUserEngagementOperational,Microsoft,HOT,Analytics,90,NO INGESTION,No Ingestion,0,0
NWConnectionMonitorTestResult,Microsoft,HOT,Analytics,90,NO INGESTION,No Ingestion,0,0
NWConnectionMonitorPathResult,Microsoft,HOT,Analytics,90,NO INGESTION,No Ingestion,0,0
NWConnectionMonitorDNSResult,Microsoft,HOT,Analytics,90,NO INGESTION,No Ingestion,0,0
AADDomainServicesAccountLogon,Microsoft,HOT,Analytics,90,NO INGESTION,No Ingestion,0,0
MicrosoftHealthcareApisAuditLogs,Microsoft,HOT,Analytics,90,NO INGESTION,No Ingestion,0,0
InsightsMetrics,Microsoft,HOT,Analytics,90,NO INGESTION,No Ingestion,0,0
AADGraphActivityLogs,Microsoft,HOT,Analytics,90,NO INGESTION,No Ingestion,0,0
LIATrackingEvents,Microsoft,HOT,Analytics,90,NO INGESTION,No Ingestion,0,0
DeviceCustomFileEvents,Microsoft,HOT,Analytics,90,NO INGESTION,No Ingestion,0,0
DeviceCustomNetworkEvents,Microsoft,HOT,Analytics,90,NO INGESTION,No Ingestion,0,0
AADServicePrincipalRiskEvents,Microsoft,HOT,Analytics,90,NO INGESTION,No Ingestion,0,0
CDBPartitionKeyRUConsumption,Microsoft,HOT,Analytics,90,NO INGESTION,No Ingestion,0,0
AADRiskyUsers,Microsoft,HOT,Analytics,90,HAS DATA,03-02-2026 06:00,0,0
CDBQueryRuntimeStatistics,Microsoft,HOT,Analytics,90,NO INGESTION,No Ingestion,0,0
CDBMongoRequests,Microsoft,HOT,Analytics,90,NO INGESTION,No Ingestion,0,0
CDBCassandraRequests,Microsoft,HOT,Analytics,90,NO INGESTION,No Ingestion,0,0
CDBGremlinRequests,Microsoft,HOT,Analytics,90,NO INGESTION,No Ingestion,0,0
CDBTableApiRequests,Microsoft,HOT,Analytics,90,NO INGESTION,No Ingestion,0,0
CDBControlPlaneRequests,Microsoft,HOT,Analytics,90,NO INGESTION,No Ingestion,0,0
EGNSuccessfulHttpDataPlaneOperations,Microsoft,HOT,Analytics,90,NO INGESTION,No Ingestion,0,0
EGNFailedHttpDataPlaneOperations,Microsoft,HOT,Analytics,90,NO INGESTION,No Ingestion,0,0
ADFSSignInLogs,Microsoft,HOT,Analytics,90,NO INGESTION,No Ingestion,0,0
AegDataPlaneRequests,Microsoft,HOT,Analytics,90,NO INGESTION,No Ingestion,0,0
NCCIDRACLogs,Microsoft,HOT,Analytics,90,NO INGESTION,No Ingestion,0,0
PurviewDataSensitivityLogs,Microsoft,HOT,Analytics,90,NO INGESTION,No Ingestion,0,0
ATCExpressRouteCircuitIpfix,Microsoft,HOT,Analytics,90,NO INGESTION,No Ingestion,0,0
AADServicePrincipalSignInLogs,Microsoft,HOT,Analytics,90,NO INGESTION,No Ingestion,0,0
AADCustomSecurityAttributeAuditLogs,Microsoft,HOT,Analytics,90,NO INGESTION,No Ingestion,0,0
MicrosoftServicePrincipalSignInLogs,Microsoft,HOT,Analytics,90,NO INGESTION,No Ingestion,0,0
AADRiskyServicePrincipals,Microsoft,HOT,Analytics,90,NO INGESTION,No Ingestion,0,0
MySqlAuditLogs,Microsoft,HOT,Analytics,90,NO INGESTION,No Ingestion,0,0
MySqlSlowLogs,Microsoft,HOT,Analytics,90,NO INGESTION,No Ingestion,0,0
PGSQLPgStatActivitySessions,Microsoft,HOT,Analytics,90,NO INGESTION,No Ingestion,0,0
DeviceCustomScriptEvents,Microsoft,HOT,Analytics,90,NO INGESTION,No Ingestion,0,0
AKSControlPlane,Microsoft,HOT,Analytics,90,NO INGESTION,No Ingestion,0,0
NSPAccessLogs,Microsoft,HOT,Analytics,90,NO INGESTION,No Ingestion,0,0
LAJobLogs,Microsoft,HOT,Analytics,90,NO INGESTION,No Ingestion,0,0
DeviceCustomProcessEvents,Microsoft,HOT,Analytics,90,NO INGESTION,No Ingestion,0,0
DSMDataClassificationLogs,Microsoft,HOT,Analytics,90,NO INGESTION,No Ingestion,0,0
ACREntraAuthenticationAuditLog,Microsoft,HOT,Analytics,90,NO INGESTION,No Ingestion,0,0
DSMDataLabelingLogs,Microsoft,HOT,Analytics,90,NO INGESTION,No Ingestion,0,0
MPCIngestionLogs,Microsoft,HOT,Analytics,90,NO INGESTION,No Ingestion,0,0
ATCMicrosoftPeeringMetadata,Microsoft,HOT,Analytics,90,NO INGESTION,No Ingestion,0,0
OGOAuditLogs,Microsoft,HOT,Analytics,90,NO INGESTION,No Ingestion,0,0
AGCFirewallLogs,Microsoft,HOT,Analytics,90,NO INGESTION,No Ingestion,0,0
CDBDataPlaneRequests,Microsoft,HOT,Analytics,90,NO INGESTION,No Ingestion,0,0
CDBPartitionKeyStatistics,Microsoft,HOT,Analytics,90,NO INGESTION,No Ingestion,0,0
PGSQLPgBouncer,Microsoft,HOT,Analytics,90,NO INGESTION,No Ingestion,0,0
PGSQLServerLogs,Microsoft,HOT,Analytics,90,NO INGESTION,No Ingestion,0,0
PGSQLAutovacuumStats,Microsoft,HOT,Analytics,90,NO INGESTION,No Ingestion,0,0
PGSQLQueryStoreWaits,Microsoft,HOT,Analytics,90,NO INGESTION,No Ingestion,0,0
PGSQLQueryStoreRuntime,Microsoft,HOT,Analytics,90,NO INGESTION,No Ingestion,0,0
PGSQLDbTransactionsStats,Microsoft,HOT,Analytics,90,NO INGESTION,No Ingestion,0,0
AGCAccessLogs,Microsoft,HOT,Analytics,90,NO INGESTION,No Ingestion,0,0
AppEvents,Microsoft,HOT,Analytics,90,NO INGESTION,No Ingestion,0,0
HuntingBookmarks,Microsoft,HOT,Analytics,90,NO INGESTION,No Ingestion,0,0
AppBrowserTimings,Microsoft,HOT,Analytics,90,NO INGESTION,No Ingestion,0,0
AZMSArchiveLogs,Microsoft,HOT,Analytics,90,NO INGESTION,No Ingestion,0,0
AZMSAutoscaleLogs,Microsoft,HOT,Analytics,90,NO INGESTION,No Ingestion,0,0
AZMSKafkaCoordinatorLogs,Microsoft,HOT,Analytics,90,NO INGESTION,No Ingestion,0,0
AZMSKafkaUserErrorLogs,Microsoft,HOT,Analytics,90,NO INGESTION,No Ingestion,0,0
AZMSCustomerManagedKeyUserLogs,Microsoft,HOT,Analytics,90,NO INGESTION,No Ingestion,0,0
AHDSMedTechDiagnosticLogs,Microsoft,HOT,Analytics,90,NO INGESTION,No Ingestion,0,0
AHDSDicomDiagnosticLogs,Microsoft,HOT,Analytics,90,NO INGESTION,No Ingestion,0,0
AHDSDicomAuditLogs,Microsoft,HOT,Analytics,90,NO INGESTION,No Ingestion,0,0
AZKVAuditLogs,Microsoft,HOT,Analytics,90,NO INGESTION,No Ingestion,0,0
AZKVPolicyEvaluationDetailsLogs,Microsoft,HOT,Analytics,90,NO INGESTION,No Ingestion,0,0
AZMSVnetConnectionEvents,Microsoft,HOT,Analytics,90,NO INGESTION,No Ingestion,0,0
MNFDeviceUpdates,Microsoft,HOT,Analytics,90,NO INGESTION,No Ingestion,0,0
MNFSystemSessionHistoryUpdates,Microsoft,HOT,Analytics,90,NO INGESTION,No Ingestion,0,0
ASRv2JobEvents,Microsoft,HOT,Analytics,90,NO INGESTION,No Ingestion,0,0
ASRv2HealthEvents,Microsoft,HOT,Analytics,90,NO INGESTION,No Ingestion,0,0
ASRv2ReplicationVaults,Microsoft,HOT,Analytics,90,NO INGESTION,No Ingestion,0,0
ASRv2ReplicationPolicies,Microsoft,HOT,Analytics,90,NO INGESTION,No Ingestion,0,0
ASRv2ReplicationExtensions,Microsoft,HOT,Analytics,90,NO INGESTION,No Ingestion,0,0
ASRv2ProtectedItems,Microsoft,HOT,Analytics,90,NO INGESTION,No Ingestion,0,0
VCoreMongoRequests,Microsoft,HOT,Analytics,90,NO INGESTION,No Ingestion,0,0
NCMClusterOperationsLogs,Microsoft,HOT,Analytics,90,NO INGESTION,No Ingestion,0,0
NCCKubernetesLogs,Microsoft,HOT,Analytics,90,NO INGESTION,No Ingestion,0,0
MNFSystemStateMessageUpdates,Microsoft,HOT,Analytics,90,NO INGESTION,No Ingestion,0,0
EGNFailedMqttSubscriptions,Microsoft,HOT,Analytics,90,NO INGESTION,No Ingestion,0,0
EGNFailedMqttPublishedMessages,Microsoft,HOT,Analytics,90,NO INGESTION,No Ingestion,0,0
EGNMqttDisconnections,Microsoft,HOT,Analytics,90,NO INGESTION,No Ingestion,0,0
ACSCallDiagnosticsUpdates,Microsoft,HOT,Analytics,90,NO INGESTION,No Ingestion,0,0
ACSCallSummary,Microsoft,HOT,Analytics,90,NO INGESTION,No Ingestion,0,0
ACSCallSummaryUpdates,Microsoft,HOT,Analytics,90,NO INGESTION,No Ingestion,0,0
ContainerAppConsoleLogs,Microsoft,HOT,Analytics,90,NO INGESTION,No Ingestion,0,0
AppEnvSpringAppConsoleLogs,Microsoft,HOT,Analytics,90,NO INGESTION,No Ingestion,0,0
AppEnvSessionConsoleLogs,Microsoft,HOT,Analytics,90,NO INGESTION,No Ingestion,0,0
AppEnvSessionPoolEventLogs,Microsoft,HOT,Analytics,90,NO INGESTION,No Ingestion,0,0
AppEnvSessionLifecycleLogs,Microsoft,HOT,Analytics,90,NO INGESTION,No Ingestion,0,0
DevCenterDiagnosticLogs,Microsoft,HOT,Analytics,90,NO INGESTION,No Ingestion,0,0
DevCenterResourceOperationLogs,Microsoft,HOT,Analytics,90,NO INGESTION,No Ingestion,0,0
MicrosoftGraphActivityLogs,Microsoft,HOT,Analytics,90,NO INGESTION,No Ingestion,0,0
APIMDevPortalAuditDiagnosticLog,Microsoft,HOT,Analytics,90,NO INGESTION,No Ingestion,0,0
ApiManagementGatewayLlmLog,Microsoft,HOT,Analytics,90,NO INGESTION,No Ingestion,0,0
ArcK8sAudit,Microsoft,HOT,Analytics,90,NO INGESTION,No Ingestion,0,0
ArcK8sAuditAdmin,Microsoft,HOT,Analytics,90,NO INGESTION,No Ingestion,0,0
ArcK8sControlPlane,Microsoft,HOT,Analytics,90,NO INGESTION,No Ingestion,0,0
TOUserAudits,Microsoft,HOT,Analytics,90,NO INGESTION,No Ingestion,0,0
TOUserDiagnostics,Microsoft,HOT,Analytics,90,NO INGESTION,No Ingestion,0,0
CloudHsmServiceOperationAuditLogs,Microsoft,HOT,Analytics,90,NO INGESTION,No Ingestion,0,0
DataTransferOperations,Microsoft,HOT,Analytics,90,NO INGESTION,No Ingestion,0,0
DNSQueryLogs,Microsoft,HOT,Analytics,90,NO INGESTION,No Ingestion,0,0
EGNSuccessfulMqttConnections,Microsoft,HOT,Analytics,90,NO INGESTION,No Ingestion,0,0
EGNFailedMqttConnections,Microsoft,HOT,Analytics,90,NO INGESTION,No Ingestion,0,0
NCCPlatformOperationsLogs,Microsoft,HOT,Analytics,90,NO INGESTION,No Ingestion,0,0
NCCVMOrchestrationLogs,Microsoft,HOT,Analytics,90,NO INGESTION,No Ingestion,0,0
NCSStorageAudits,Microsoft,HOT,Analytics,90,NO INGESTION,No Ingestion,0,0
NCSStorageAlerts,Microsoft,HOT,Analytics,90,NO INGESTION,No Ingestion,0,0
AMSMediaAccountHealth,Microsoft,HOT,Analytics,90,NO INGESTION,No Ingestion,0,0
AMSLiveEventOperations,Microsoft,HOT,Analytics,90,NO INGESTION,No Ingestion,0,0
AMSStreamingEndpointRequests,Microsoft,HOT,Analytics,90,NO INGESTION,No Ingestion,0,0
AOIDigestion,Microsoft,HOT,Analytics,90,NO INGESTION,No Ingestion,0,0
AOIDatabaseQuery,Microsoft,HOT,Analytics,90,NO INGESTION,No Ingestion,0,0
AOIStorage,Microsoft,HOT,Analytics,90,NO INGESTION,No Ingestion,0,0
NGXOperationLogs,Microsoft,HOT,Analytics,90,NO INGESTION,No Ingestion,0,0
NginxUpstreamUpdateLogs,Microsoft,HOT,Analytics,90,NO INGESTION,No Ingestion,0,0
ACLTransactionLogs,Microsoft,HOT,Analytics,90,NO INGESTION,No Ingestion,0,0
AFSAuditLogs,Microsoft,HOT,Analytics,90,NO INGESTION,No Ingestion,0,0
StorageMoverCopyLogsFailed,Microsoft,HOT,Analytics,90,NO INGESTION,No Ingestion,0,0
StorageMoverCopyLogsTransferred,Microsoft,HOT,Analytics,90,NO INGESTION,No Ingestion,0,0
SynapseSqlPoolExecRequests,Microsoft,HOT,Analytics,90,NO INGESTION,No Ingestion,0,0
SynapseSqlPoolRequestSteps,Microsoft,HOT,Analytics,90,NO INGESTION,No Ingestion,0,0
SynapseSqlPoolDmsWorkers,Microsoft,HOT,Analytics,90,NO INGESTION,No Ingestion,0,0
SynapseSqlPoolWaits,Microsoft,HOT,Analytics,90,NO INGESTION,No Ingestion,0,0
AmlComputeClusterEvent,Microsoft,HOT,Analytics,90,NO INGESTION,No Ingestion,0,0
AmlComputeClusterNodeEvent,Microsoft,HOT,Analytics,90,NO INGESTION,No Ingestion,0,0
AmlComputeJobEvent,Microsoft,HOT,Analytics,90,NO INGESTION,No Ingestion,0,0
ACSCallAutomationIncomingOperations,Microsoft,HOT,Analytics,90,NO INGESTION,No Ingestion,0,0
ACSCallAutomationStreamingUsage,Microsoft,HOT,Analytics,90,NO INGESTION,No Ingestion,0,0
AZMSApplicationMetricLogs,Microsoft,HOT,Analytics,90,NO INGESTION,No Ingestion,0,0
AppAvailabilityResults,Microsoft,HOT,Analytics,90,NO INGESTION,No Ingestion,0,0
AMSKeyDeliveryRequests,Microsoft,HOT,Analytics,90,NO INGESTION,No Ingestion,0,0
AppDependencies,Microsoft,HOT,Analytics,90,NO INGESTION,No Ingestion,0,0
MDCDetectionProcessV2Events,Microsoft,HOT,Analytics,90,NO INGESTION,No Ingestion,0,0
MDCDetectionDNSEvents,Microsoft,HOT,Analytics,90,NO INGESTION,No Ingestion,0,0
NCSStorageLogs,Microsoft,HOT,Analytics,90,NO INGESTION,No Ingestion,0,0
ALBHealthEvent,Microsoft,HOT,Analytics,90,NO INGESTION,No Ingestion,0,0
NatGatewayFlowlogsV1,Microsoft,HOT,Analytics,90,NO INGESTION,No Ingestion,0,0
REDConnectionEvents,Microsoft,HOT,Analytics,90,NO INGESTION,No Ingestion,0,0
AZMSHybridConnectionsEvents,Microsoft,HOT,Analytics,90,NO INGESTION,No Ingestion,0,0
ASCAuditLogs,Microsoft,HOT,Analytics,90,NO INGESTION,No Ingestion,0,0
SCGPoolExecutionLog,Microsoft,HOT,Analytics,90,NO INGESTION,No Ingestion,0,0
SCGPoolRequestLog,Microsoft,HOT,Analytics,90,NO INGESTION,No Ingestion,0,0
AVNMNetworkGroupMembershipChange,Microsoft,HOT,Analytics,90,NO INGESTION,No Ingestion,0,0
AVNMRuleCollectionChange,Microsoft,HOT,Analytics,90,NO INGESTION,No Ingestion,0,0
AVNMConnectivityConfigurationChange,Microsoft,HOT,Analytics,90,NO INGESTION,No Ingestion,0,0
AVNMIPAMPoolAllocationChange,Microsoft,HOT,Analytics,90,NO INGESTION,No Ingestion,0,0
ChaosStudioExperimentEventLogs,Microsoft,HOT,Analytics,90,NO INGESTION,No Ingestion,0,0
DevCenterBillingEventLogs,Microsoft,HOT,Analytics,90,NO INGESTION,No Ingestion,0,0
MDPResourceLog,Microsoft,HOT,Analytics,90,NO INGESTION,No Ingestion,0,0
AEWExperimentAssignmentSummary,Microsoft,HOT,Analytics,90,NO INGESTION,No Ingestion,0,0
AEWExperimentScorecards,Microsoft,HOT,Analytics,90,NO INGESTION,No Ingestion,0,0
AEWExperimentScorecardMetricPairs,Microsoft,HOT,Analytics,90,NO INGESTION,No Ingestion,0,0
AHDSDeidAuditLogs,Microsoft,HOT,Analytics,90,NO INGESTION,No Ingestion,0,0
CCFApplicationLogs,Microsoft,HOT,Analytics,90,NO INGESTION,No Ingestion,0,0
MDCFileIntegrityMonitoringEvents,Microsoft,HOT,Analytics,90,NO INGESTION,No Ingestion,0,0
MDCDetectionFimEvents,Microsoft,HOT,Analytics,90,NO INGESTION,No Ingestion,0,0
MDCDetectionK8SApiEvents,Microsoft,HOT,Analytics,90,NO INGESTION,No Ingestion,0,0
MDCDetectionGatingValidationEvents,Microsoft,HOT,Analytics,90,NO INGESTION,No Ingestion,0,0
ACLUserDefinedLogs,Microsoft,HOT,Analytics,90,NO INGESTION,No Ingestion,0,0
DatabricksMarketplaceConsumer,Microsoft,HOT,Analytics,90,NO INGESTION,No Ingestion,0,0
DevCenterConnectionLogs,Microsoft,HOT,Analytics,90,NO INGESTION,No Ingestion,0,0
Arcon_CL,CustomLog,HOT,Analytics,90,NO INGESTION,No Ingestion,0,0
DHCP_CL,CustomLog,HOT,Analytics,90,NO INGESTION,No Ingestion,0,0
test_dhcp_CL,CustomLog,HOT,Analytics,90,NO INGESTION,No Ingestion,0,0
DHCPASH_CL,CustomLog,HOT,Analytics,90,NO INGESTION,No Ingestion,0,0
basila_test_SRCH,SearchResults,HOT,Analytics,90,NO INGESTION,No Ingestion,0,0
Acron_logstash_CL,CustomLog,HOT,Analytics,90,NO INGESTION,No Ingestion,0,0
ZPA_CL,CustomLog,HOT,Analytics,30,NO INGESTION,No Ingestion,0,0
SendGridv1_CL,CustomLog,HOT,Analytics,90,NO INGESTION,No Ingestion,0,0
ParthCustomIngestor_CL,CustomLog,HOT,Analytics,90,NO INGESTION,No Ingestion,0,0
melsomeranvindomlogs_CL,CustomLog,HOT,Analytics,90,NO INGESTION,No Ingestion,0,0
OracleFusionSecurityAudit_CL,CustomLog,HOT,Analytics,90,NO INGESTION,No Ingestion,0,0
superIngestion_CL,CustomLog,HOT,Analytics,90,NO INGESTION,No Ingestion,0,0
Tenable_VM_Compliance_CL,CustomLog,HOT,Analytics,90,NO INGESTION,No Ingestion,0,0
Tenable_VM_Vuln_CL,CustomLog,HOT,Analytics,90,NO INGESTION,No Ingestion,0,0
Tenable_VM_Asset_CL,CustomLog,HOT,Analytics,90,NO INGESTION,No Ingestion,0,0
Tenable_WAS_Asset_CL,CustomLog,HOT,Analytics,90,NO INGESTION,No Ingestion,0,0
Tenable_WAS_Vuln_CL,CustomLog,HOT,Analytics,90,NO INGESTION,No Ingestion,0,0
TestAnush_CL,CustomLog,HOT,Analytics,90,NO INGESTION,No Ingestion,0,0
CustomOracle_CL,CustomLog,HOT,Analytics,90,NO INGESTION,No Ingestion,0,0
SecurityAlert_CL,CustomLog,HOT,Analytics,90,NO INGESTION,No Ingestion,0,0
SecurityIncident_CL,CustomLog,HOT,Analytics,90,NO INGESTION,No Ingestion,0,0
SalesforceServiceCloudV2_CL,CustomLog,HOT,Analytics,90,NO INGESTION,No Ingestion,0,0
EasmLabel_CL,CustomLog,HOT,Analytics,90,NO INGESTION,No Ingestion,0,0
ParthsOracleConnector_CL,CustomLog,HOT,Analytics,90,NO INGESTION,No Ingestion,0,0
W3IISLogsBasic_CL,CustomLog,HOT,Analytics,30,NO INGESTION,No Ingestion,0,0
CommonSecLogBasic_CL,CustomLog,COOL,Basic,30,NO INGESTION,No Ingestion,0,0
vishnu_CL,CustomLog,HOT,Analytics,90,NO INGESTION,No Ingestion,0,0
Jira_Audit_v2_CL,CustomLog,HOT,Analytics,90,NO INGESTION,No Ingestion,0,0
cosec_CL,CustomLog,HOT,Analytics,90,NO INGESTION,No Ingestion,0,0
testarunnew_CL,CustomLog,HOT,Analytics,90,NO INGESTION,No Ingestion,0,0
Windowslog_CL,CustomLog,HOT,Analytics,90,NO INGESTION,No Ingestion,0,0
arunrajkuttu_CL,CustomLog,HOT,Analytics,90,NO INGESTION,No Ingestion,0,0
okok_CL,CustomLog,HOT,Analytics,90,NO INGESTION,No Ingestion,0,0
connected_CL,CustomLog,HOT,Analytics,90,NO INGESTION,No Ingestion,0,0
redhatlogs_CL,CustomLog,HOT,Analytics,90,NO INGESTION,No Ingestion,0,0
TestCustomDataIngestion_CL,CustomLog,HOT,Analytics,90,NO INGESTION,No Ingestion,0,0
custom_fortinet_table_CL,CustomLog,HOT,Analytics,90,NO INGESTION,No Ingestion,0,0
EntraIDLogsEH_CL,CustomLog,HOT,Analytics,90,NO INGESTION,No Ingestion,0,0
Entraidlogs_CL,CustomLog,HOT,Analytics,90,NO INGESTION,No Ingestion,0,0
BasicSecurityEvent_CL,CustomLog,COOL,Basic,30,NO INGESTION,No Ingestion,0,0
ComplianceTable_CL,CustomLog,COOL,Basic,30,NO INGESTION,No Ingestion,0,0
Test_SRCH,SearchResults,HOT,Analytics,90,NO INGESTION,No Ingestion,0,0
TestSearchJobs_SRCH,SearchResults,HOT,Analytics,90,NO INGESTION,No Ingestion,0,0
CustomIISLogs_CL,CustomLog,HOT,Analytics,90,NO INGESTION,No Ingestion,0,0
CustomIISLogs2_CL,CustomLog,HOT,Analytics,90,NO INGESTION,No Ingestion,0,0
SharedIISLogs2_CL,CustomLog,HOT,Analytics,90,NO INGESTION,No Ingestion,0,0
Adibtest_CL,CustomLog,HOT,Analytics,90,NO INGESTION,No Ingestion,0,0
Sumaira_CL,CustomLog,HOT,Analytics,90,NO INGESTION,No Ingestion,0,0
ApacheHTTPServer_CL,CustomLog,HOT,Analytics,90,NO INGESTION,No Ingestion,0,0
Desc_CL,CustomLog,HOT,Analytics,90,NO INGESTION,No Ingestion,0,0
CustomLogsAMA_CL,CustomLog,HOT,Analytics,90,NO INGESTION,No Ingestion,0,0
Parth_DHCP_CL,CustomLog,HOT,Analytics,90,NO INGESTION,No Ingestion,0,0
desktopCentral_CL,CustomLog,HOT,Analytics,90,NO INGESTION,No Ingestion,0,0
VTIPReport_CL,CustomLog,HOT,Analytics,90,NO INGESTION,No Ingestion,0,0
DefectDojoUsers_CL,CustomLog,HOT,Analytics,90,NO INGESTION,No Ingestion,0,0
DefectDojoDetails_CL,CustomLog,HOT,Analytics,90,NO INGESTION,No Ingestion,0,0
DefectDojoEndpoints_CL,CustomLog,HOT,Analytics,90,HAS DATA,01-12-2026 06:00,0,0
SecurityAlertsFromGraphApi_CL,CustomLog,HOT,Analytics,90,NO INGESTION,No Ingestion,0,0
StellarCases_CL,CustomLog,HOT,Analytics,90,NO INGESTION,No Ingestion,0,0
OracleSecurityEventLogs_CL,CustomLog,HOT,Analytics,90,NO INGESTION,No Ingestion,0,0
syslog_CL,CustomLog,HOT,Analytics,90,NO INGESTION,No Ingestion,0,0
adr_CL,CustomLog,HOT,Analytics,90,NO INGESTION,No Ingestion,0,0
wineventlog_CL,CustomLog,HOT,Analytics,90,NO INGESTION,No Ingestion,0,0
SalesforceServiceCloud_CL,CustomLog,HOT,Analytics,90,NO INGESTION,No Ingestion,0,0
ade_CL,CustomLog,HOT,Analytics,90,NO INGESTION,No Ingestion,0,0
superstoragelogs_CL,CustomLog,HOT,Analytics,90,NO INGESTION,No Ingestion,0,0
Cloudflare_CL,CustomLog,HOT,Analytics,90,NO INGESTION,No Ingestion,0,0
CustomJsonGzLogs_CL,CustomLog,HOT,Analytics,90,NO INGESTION,No Ingestion,0,0
RadWareAccessLogs_CL,CustomLog,HOT,Analytics,90,NO INGESTION,No Ingestion,0,0
ParthOnWebhook_CL,CustomLog,HOT,Analytics,90,NO INGESTION,No Ingestion,0,0
TestEventsWebhook_CL,CustomLog,HOT,Analytics,90,NO INGESTION,No Ingestion,0,0
SendGrid_CL,CustomLog,HOT,Analytics,90,NO INGESTION,No Ingestion,0,0
IncidentDetails_CL,CustomLog,HOT,Analytics,90,NO INGESTION,No Ingestion,0,0
Mashreq_CL,CustomLog,HOT,Analytics,90,NO INGESTION,No Ingestion,0,0
UEBA_Mashreq_CL,CustomLog,HOT,Analytics,90,NO INGESTION,No Ingestion,0,0
ser_CL,CustomLog,HOT,Analytics,90,NO INGESTION,No Ingestion,0,0
DataLossPreventionAlerts_CL,CustomLog,HOT,Analytics,90,NO INGESTION,No Ingestion,0,0
VulnerabilityDetails_CL,CustomLog,HOT,Analytics,90,NO INGESTION,No Ingestion,0,0
Generate_CL,CustomLog,HOT,Analytics,90,NO INGESTION,No Ingestion,0,0
arundingan_CL,CustomLog,HOT,Analytics,90,NO INGESTION,No Ingestion,0,0
AppEvents_CL,CustomLog,HOT,Analytics,90,NO INGESTION,No Ingestion,0,0
IISLogs_CL,CustomLog,HOT,Analytics,90,NO INGESTION,No Ingestion,0,0
OracleFusionAudit_CL,CustomLog,HOT,Analytics,90,HAS DATA,12/24/2025 12:00:00 PM,0,0
OracleFusionSignin_CL,CustomLog,HOT,Analytics,90,NO INGESTION,No Ingestion,0,0
MyCustomSecurityLogs_CL,CustomLog,HOT,Analytics,30,NO INGESTION,No Ingestion,0,0
MyIISecurityLogs_CL,CustomLog,COOL,Basic,30,NO INGESTION,No Ingestion,0,0
Anushbasic_CL,CustomLog,COOL,Basic,30,NO INGESTION,No Ingestion,0,0
sukhdeep_CL,CustomLog,HOT,Analytics,90,NO INGESTION,No Ingestion,0,0
CcfThreatIntel_CL,CustomLog,HOT,Analytics,90,NO INGESTION,No Ingestion,0,0
basila_cl_CL,CustomLog,HOT,Analytics,90,NO INGESTION,No Ingestion,0,0
ForcepointOne_CASB_CL,CustomLog,HOT,Analytics,90,NO INGESTION,No Ingestion,0,0
ForcepointONEWEBconnector_CL,CustomLog,HOT,Analytics,90,NO INGESTION,No Ingestion,0,0
ForcepointONECASBconnector_CL,CustomLog,HOT,Analytics,90,NO INGESTION,No Ingestion,0,0
ParthCustomDataIngestion_CL,CustomLog,HOT,Analytics,90,NO INGESTION,No Ingestion,0,0
ThreatFoxRawIngestion_CL,CustomLog,HOT,Analytics,90,NO INGESTION,No Ingestion,0,0
IOCvishnu_CL,CustomLog,HOT,Analytics,90,NO INGESTION,No Ingestion,0,0
Basilaioc_CL,CustomLog,HOT,Analytics,90,NO INGESTION,No Ingestion,0,0
newdatasourcce_CL,CustomLog,HOT,Analytics,90,NO INGESTION,No Ingestion,0,0
DefenderVulnerabilityDetailsRESTAPI_CL,CustomLog,HOT,Analytics,90,NO INGESTION,No Ingestion,0,0
Windows2019_CL,CustomLog,HOT,Analytics,90,NO INGESTION,No Ingestion,0,0
GitHubAuditLogPolling_CL,CustomLog,HOT,Analytics,90,NO INGESTION,No Ingestion,0,0
githubscanaudit_CL,CustomLog,HOT,Analytics,90,NO INGESTION,No Ingestion,0,0
TempLogs_CL,CustomLog,HOT,Analytics,90,NO INGESTION,No Ingestion,0,0
DevCenterAgentHealthLogs,Microsoft,HOT,Analytics,90,NO INGESTION,No Ingestion,0,0
RedHatLogstashIngestion_CL,CustomLog,HOT,Analytics,90,NO INGESTION,No Ingestion,0,0
CrowdStrike_Audit_Events_CL,CustomLog,HOT,Analytics,90,NO INGESTION,No Ingestion,0,0
DatabricksFilesystem,Microsoft,HOT,Analytics,90,NO INGESTION,No Ingestion,0,0
DatabricksApps,Microsoft,HOT,Analytics,90,NO INGESTION,No Ingestion,0,0
DatabricksClusterPolicies,Microsoft,HOT,Analytics,90,NO INGESTION,No Ingestion,0,0
DatabricksDataRooms,Microsoft,HOT,Analytics,90,NO INGESTION,No Ingestion,0,0
DatabricksGroups,Microsoft,HOT,Analytics,90,NO INGESTION,No Ingestion,0,0
DatabricksMarketplaceProvider,Microsoft,HOT,Analytics,90,NO INGESTION,No Ingestion,0,0
DatabricksOnlineTables,Microsoft,HOT,Analytics,90,NO INGESTION,No Ingestion,0,0
DatabricksRBAC,Microsoft,HOT,Analytics,90,NO INGESTION,No Ingestion,0,0
DatabricksRFA,Microsoft,HOT,Analytics,90,NO INGESTION,No Ingestion,0,0
DatabricksVectorSearch,Microsoft,HOT,Analytics,90,NO INGESTION,No Ingestion,0,0
DatabricksLineageTracking,Microsoft,HOT,Analytics,90,NO INGESTION,No Ingestion,0,0
DatabricksWebhookNotifications,Microsoft,HOT,Analytics,90,NO INGESTION,No Ingestion,0,0
DatabricksLakeviewConfig,Microsoft,HOT,Analytics,90,NO INGESTION,No Ingestion,0,0
DatabricksFiles,Microsoft,HOT,Analytics,90,NO INGESTION,No Ingestion,0,0
DatabricksBudgetPolicyCentral,Microsoft,HOT,Analytics,90,NO INGESTION,No Ingestion,0,0
NetworkAccessTraffic,Microsoft,HOT,Analytics,90,NO INGESTION,No Ingestion,0,0
OEPElasticOperator,Microsoft,HOT,Analytics,90,NO INGESTION,No Ingestion,0,0
OEPElasticsearch,Microsoft,HOT,Analytics,90,NO INGESTION,No Ingestion,0,0
OEPDataplaneLogs,Microsoft,HOT,Analytics,90,NO INGESTION,No Ingestion,0,0
WVDMultiLinkAdd,Microsoft,HOT,Analytics,90,NO INGESTION,No Ingestion,0,0
EdgeActionConsoleLog,Microsoft,HOT,Analytics,90,NO INGESTION,No Ingestion,0,0
EdgeActionServiceLog,Microsoft,HOT,Analytics,90,NO INGESTION,No Ingestion,0,0
DatabricksWorkspaceFiles,Microsoft,HOT,Analytics,90,NO INGESTION,No Ingestion,0,0
ACSCallDiagnostics,Microsoft,HOT,Analytics,90,NO INGESTION,No Ingestion,0,0
DatabricksIngestion,Microsoft,HOT,Analytics,90,NO INGESTION,No Ingestion,0,0
DatabricksDataMonitoring,Microsoft,HOT,Analytics,90,NO INGESTION,No Ingestion,0,0
NTARuleRecommendation,Microsoft,HOT,Analytics,90,NO INGESTION,No Ingestion,0,0
MeshControlPlane,Microsoft,HOT,Analytics,90,NO INGESTION,No Ingestion,0,0
AHCIDiagnosticLogs,Microsoft,HOT,Analytics,90,NO INGESTION,No Ingestion,0,0
AADNonInteractiveUserSignInLogs,Microsoft,HOT,Analytics,90,NO INGESTION,No Ingestion,0,0
RetinaNetworkFlowLogs,Microsoft,HOT,Analytics,90,NO INGESTION,No Ingestion,0,0
ContainerNetworkLogs,Microsoft,HOT,Analytics,90,NO INGESTION,No Ingestion,0,0
AZFWDnsQuery,Microsoft,HOT,Analytics,90,NO INGESTION,No Ingestion,0,0
AZFWDnsFlowTrace,Microsoft,HOT,Analytics,90,NO INGESTION,No Ingestion,0,0
DurableTaskSchedulerLogs,Microsoft,HOT,Analytics,90,NO INGESTION,No Ingestion,0,0
ZTSRequest,Microsoft,HOT,Analytics,90,NO INGESTION,No Ingestion,0,0
ApiManagementGatewayMCPLog,Microsoft,HOT,Analytics,90,NO INGESTION,No Ingestion,0,0
PGSQLQueryStoreQueryText,Microsoft,HOT,Analytics,90,NO INGESTION,No Ingestion,0,0
OTelResources,Microsoft,HOT,Analytics,90,NO INGESTION,No Ingestion,0,0
OTelSpans,Microsoft,HOT,Analytics,90,NO INGESTION,No Ingestion,0,0
OTelEvents,Microsoft,HOT,Analytics,90,NO INGESTION,No Ingestion,0,0
OTelLogs,Microsoft,HOT,Analytics,90,NO INGESTION,No Ingestion,0,0
OTelTraces,Microsoft,HOT,Analytics,90,NO INGESTION,No Ingestion,0,0
OTelTracesAgent,Microsoft,HOT,Analytics,90,NO INGESTION,No Ingestion,0,0
AGSUpdateEvents,Microsoft,HOT,Analytics,90,NO INGESTION,No Ingestion,0,0
DatabricksBrickStoreHttpGateway,Microsoft,HOT,Analytics,90,NO INGESTION,No Ingestion,0,0
DatabricksDashboards,Microsoft,HOT,Analytics,90,NO INGESTION,No Ingestion,0,0
DatabricksCloudStorageMetadata,Microsoft,HOT,Analytics,90,NO INGESTION,No Ingestion,0,0
DatabricksPredictiveOptimization,Microsoft,HOT,Analytics,90,NO INGESTION,No Ingestion,0,0
AGWAccessLogs,Microsoft,HOT,Analytics,90,NO INGESTION,No Ingestion,0,0
PfSenseLSNew_CL,CustomLog,HOT,Analytics,90,NO INGESTION,No Ingestion,0,0
AGWFirewallLogs,Microsoft,HOT,Analytics,90,NO INGESTION,No Ingestion,0,0
CDBDataPlaneRequests5M,Microsoft,HOT,Analytics,90,NO INGESTION,No Ingestion,0,0
ADAssessmentRecommendation,Microsoft,HOT,Analytics,90,NO INGESTION,No Ingestion,0,0
ADSecurityAssessmentRecommendation,Microsoft,HOT,Analytics,90,NO INGESTION,No Ingestion,0,0
SCOMAssessmentRecommendation,Microsoft,HOT,Analytics,90,NO INGESTION,No Ingestion,0,0
SQLAssessmentRecommendation,Microsoft,HOT,Analytics,90,NO INGESTION,No Ingestion,0,0
HealthStateChangeEvent,Microsoft,HOT,Analytics,90,NO INGESTION,No Ingestion,0,0
VMBoundPort,Microsoft,HOT,Analytics,90,NO INGESTION,No Ingestion,0,0
VMComputer,Microsoft,HOT,Analytics,90,NO INGESTION,No Ingestion,0,0
ADReplicationResult,Microsoft,HOT,Analytics,90,NO INGESTION,No Ingestion,0,0
VMProcess,Microsoft,HOT,Analytics,90,NO INGESTION,No Ingestion,0,0
KubeNodeInventory,Microsoft,HOT,Analytics,90,NO INGESTION,No Ingestion,0,0
WindowsServerAssessmentRecommendation,Microsoft,HOT,Analytics,90,NO INGESTION,No Ingestion,0,0
ContainerLogV2,Microsoft,HOT,Analytics,90,NO INGESTION,No Ingestion,0,0
ContainerLog,Microsoft,HOT,Analytics,90,NO INGESTION,No Ingestion,0,0
CrowdStrike_Secondary_Data_CL,CustomLog,HOT,Analytics,90,NO INGESTION,No Ingestion,0,0
CrowdStrike_Additional_Events_CL,CustomLog,HOT,Analytics,90,NO INGESTION,No Ingestion,0,0
CrowdStrike_UserMgmt_Events_CL,CustomLog,HOT,Analytics,90,NO INGESTION,No Ingestion,0,0
CrowdStrike_Registry_Events_CL,CustomLog,HOT,Analytics,90,NO INGESTION,No Ingestion,0,0
CrowdStrike_Network_Events_CL,CustomLog,HOT,Analytics,90,NO INGESTION,No Ingestion,0,0
CrowdStrike_Process_Events_CL,CustomLog,HOT,Analytics,90,NO INGESTION,No Ingestion,0,0
CrowdStrike_Auth_Events_CL,CustomLog,HOT,Analytics,90,NO INGESTION,No Ingestion,0,0
CrowdStrike_File_Events_CL,CustomLog,HOT,Analytics,90,NO INGESTION,No Ingestion,0,0
CrowdStrike_DNS_Events_CL,CustomLog,HOT,Analytics,90,NO INGESTION,No Ingestion,0,0
ContainerInventory,Microsoft,HOT,Analytics,90,NO INGESTION,No Ingestion,0,0
SPAssessmentRecommendation,Microsoft,HOT,Analytics,90,NO INGESTION,No Ingestion,0,0
SharePointOnlineAssessmentRecommendation,Microsoft,HOT,Analytics,90,NO INGESTION,No Ingestion,0,0
SfBOnlineAssessmentRecommendation,Microsoft,HOT,Analytics,90,NO INGESTION,No Ingestion,0,0
CDBDataPlaneRequests15M,Microsoft,HOT,Analytics,90,NO INGESTION,No Ingestion,0,0
StorageMalwareScanningResults,Microsoft,HOT,Analytics,90,NO INGESTION,No Ingestion,0,0
NCCKubernetesAPIAuditLogs,Microsoft,HOT,Analytics,90,NO INGESTION,No Ingestion,0,0
NetworkAccessConnectionEvents,Microsoft,HOT,Analytics,90,NO INGESTION,No Ingestion,0,0
NetworkAccessGenerativeAIInsights,Microsoft,HOT,Analytics,90,NO INGESTION,No Ingestion,0,0
EnrichedMicrosoft365AuditLogs,Microsoft,HOT,Analytics,90,NO INGESTION,No Ingestion,0,0
NetworkAccessAlerts,Microsoft,HOT,Analytics,90,NO INGESTION,No Ingestion,0,0
ContainerImageInventory,Microsoft,HOT,Analytics,90,NO INGESTION,No Ingestion,0,0
ContainerNodeInventory,Microsoft,HOT,Analytics,90,NO INGESTION,No Ingestion,0,0
ContainerServiceLog,Microsoft,HOT,Analytics,90,NO INGESTION,No Ingestion,0,0
KubeEvents,Microsoft,HOT,Analytics,90,NO INGESTION,No Ingestion,0,0
KubeHealth,Microsoft,HOT,Analytics,90,NO INGESTION,No Ingestion,0,0
KubeMonAgentEvents,Microsoft,HOT,Analytics,90,NO INGESTION,No Ingestion,0,0
KubePodInventory,Microsoft,HOT,Analytics,90,NO INGESTION,No Ingestion,0,0
KubeServices,Microsoft,HOT,Analytics,90,NO INGESTION,No Ingestion,0,0
VMConnection,Microsoft,HOT,Analytics,90,NO INGESTION,No Ingestion,0,0
KubePVInventory,Microsoft,HOT,Analytics,90,NO INGESTION,No Ingestion,0,0
WindowsClientAssessmentRecommendation,Microsoft,HOT,Analytics,90,NO INGESTION,No Ingestion,0,0
AzureAssessmentRecommendation,Microsoft,HOT,Analytics,90,NO INGESTION,No Ingestion,0,0
ExchangeAssessmentRecommendation,Microsoft,HOT,Analytics,90,NO INGESTION,No Ingestion,0,0
ExchangeOnlineAssessmentRecommendation,Microsoft,HOT,Analytics,90,NO INGESTION,No Ingestion,0,0
SCCMAssessmentRecommendation,Microsoft,HOT,Analytics,90,NO INGESTION,No Ingestion,0,0
SfBAssessmentRecommendation,Microsoft,HOT,Analytics,90,NO INGESTION,No Ingestion,0,0
NTANetAnalytics,Microsoft,HOT,Analytics,90,NO INGESTION,No Ingestion,0,0
AGWPerformanceLogs,Microsoft,HOT,Analytics,90,NO INGESTION,No Ingestion,0,0
DatabricksMLflowAcledArtifact,Microsoft,HOT,Analytics,90,NO INGESTION,No Ingestion,0,0
AADDomainServicesDNSAuditsDynamicUpdates,Microsoft,HOT,Analytics,90,NO INGESTION,No Ingestion,0,0
ADFSSISPackageExecutionComponentPhases,Microsoft,HOT,Analytics,90,NO INGESTION,No Ingestion,0,0
ADFSSISPackageExecutionDataStatistics,Microsoft,HOT,Analytics,90,NO INGESTION,No Ingestion,0,0
ABSBotRequests,Microsoft,HOT,Analytics,90,NO INGESTION,No Ingestion,0,0
NWConnectionMonitorDestinationListenerResult,Microsoft,HOT,Analytics,90,NO INGESTION,No Ingestion,0,0
AEWAuditLogs,Microsoft,HOT,Analytics,90,NO INGESTION,No Ingestion,0,0
MicrosoftDataShareReceivedSnapshotLog,Microsoft,HOT,Analytics,90,NO INGESTION,No Ingestion,0,0
MicrosoftDataShareSentSnapshotLog,Microsoft,HOT,Analytics,90,NO INGESTION,No Ingestion,0,0
PurviewScanStatusLogs,Microsoft,HOT,Analytics,90,NO INGESTION,No Ingestion,0,0
HDInsightKafkaLogs,Microsoft,HOT,Analytics,90,NO INGESTION,No Ingestion,0,0
HDInsightKafkaMetrics,Microsoft,HOT,Analytics,90,NO INGESTION,No Ingestion,0,0
HDInsightHBaseLogs,Microsoft,HOT,Analytics,90,NO INGESTION,No Ingestion,0,0
HDInsightHBaseMetrics,Microsoft,HOT,Analytics,90,NO INGESTION,No Ingestion,0,0
HDInsightStormLogs,Microsoft,HOT,Analytics,90,NO INGESTION,No Ingestion,0,0
HDInsightStormMetrics,Microsoft,HOT,Analytics,90,NO INGESTION,No Ingestion,0,0
HDInsightStormTopologyMetrics,Microsoft,HOT,Analytics,90,NO INGESTION,No Ingestion,0,0
HDInsightAmbariSystemMetrics,Microsoft,HOT,Analytics,90,NO INGESTION,No Ingestion,0,0
HDInsightAmbariClusterAlerts,Microsoft,HOT,Analytics,90,NO INGESTION,No Ingestion,0,0
HDInsightSparkApplicationEvents,Microsoft,HOT,Analytics,90,NO INGESTION,No Ingestion,0,0
HDInsightSparkBlockManagerEvents,Microsoft,HOT,Analytics,90,NO INGESTION,No Ingestion,0,0
HDInsightSparkEnvironmentEvents,Microsoft,HOT,Analytics,90,NO INGESTION,No Ingestion,0,0
HDInsightJupyterNotebookEvents,Microsoft,HOT,Analytics,90,NO INGESTION,No Ingestion,0,0
HDInsightSparkExecutorEvents,Microsoft,HOT,Analytics,90,NO INGESTION,No Ingestion,0,0
HDInsightSparkExtraEvents,Microsoft,HOT,Analytics,90,NO INGESTION,No Ingestion,0,0
ADFSSISPackageExecutableStatistics,Microsoft,HOT,Analytics,90,NO INGESTION,No Ingestion,0,0
HDInsightSparkJobEvents,Microsoft,HOT,Analytics,90,NO INGESTION,No Ingestion,0,0
ADFSSISPackageEventMessageContext,Microsoft,HOT,Analytics,90,NO INGESTION,No Ingestion,0,0
ADFSSISIntegrationRuntimeLogs,Microsoft,HOT,Analytics,90,NO INGESTION,No Ingestion,0,0
WindowsFirewall,Microsoft,HOT,Analytics,90,NO INGESTION,No Ingestion,0,0
SecurityDetection,Microsoft,HOT,Analytics,90,NO INGESTION,No Ingestion,0,0
ConfigurationData,Microsoft,HOT,Analytics,90,NO INGESTION,No Ingestion,0,0
ConfigurationChange,Microsoft,HOT,Analytics,90,NO INGESTION,No Ingestion,0,0
SqlVulnerabilityAssessmentResult,Microsoft,HOT,Analytics,90,NO INGESTION,No Ingestion,0,0
BlockchainProxyLog,Microsoft,HOT,Analytics,90,NO INGESTION,No Ingestion,0,0
BlockchainApplicationLog,Microsoft,HOT,Analytics,90,NO INGESTION,No Ingestion,0,0
ContainerRegistryLoginEvents,Microsoft,HOT,Analytics,90,NO INGESTION,No Ingestion,0,0
MicrosoftDataShareShareLog,Microsoft,HOT,Analytics,90,NO INGESTION,No Ingestion,0,0
AppServiceAuditLogs,Microsoft,HOT,Analytics,90,NO INGESTION,No Ingestion,0,0
AppServiceFileAuditLogs,Microsoft,HOT,Analytics,90,NO INGESTION,No Ingestion,0,0
ContainerRegistryRepositoryEvents,Microsoft,HOT,Analytics,90,NO INGESTION,No Ingestion,0,0
ComputerGroup,Microsoft,HOT,Analytics,90,NO INGESTION,No Ingestion,0,0
W3CIISLog,Microsoft,HOT,Analytics,90,NO INGESTION,No Ingestion,0,0
ETWEvent,Microsoft,HOT,Analytics,90,NO INGESTION,No Ingestion,0,0
ServiceFabricOperationalEvent,Microsoft,HOT,Analytics,90,NO INGESTION,No Ingestion,0,0
ServiceFabricReliableActorEvent,Microsoft,HOT,Analytics,90,NO INGESTION,No Ingestion,0,0
ServiceFabricReliableServiceEvent,Microsoft,HOT,Analytics,90,NO INGESTION,No Ingestion,0,0
Usage,Microsoft,HOT,Analytics,90,NO INGESTION,No Ingestion,0,0
Perf,Microsoft,HOT,Analytics,90,NO INGESTION,No Ingestion,0,0
AppCenterError,Microsoft,HOT,Analytics,90,NO INGESTION,No Ingestion,0,0
AppServiceIPSecAuditLogs,Microsoft,HOT,Analytics,90,NO INGESTION,No Ingestion,0,0
AppServiceAntivirusScanAuditLogs,Microsoft,HOT,Analytics,90,NO INGESTION,No Ingestion,0,0
ADFSSISPackageEventMessages,Microsoft,HOT,Analytics,90,NO INGESTION,No Ingestion,0,0
HDInsightSparkSQLExecutionEvents,Microsoft,HOT,Analytics,90,NO INGESTION,No Ingestion,0,0
HDInsightSparkStageEvents,Microsoft,HOT,Analytics,90,NO INGESTION,No Ingestion,0,0
HDInsightSparkStageTaskAccumulables,Microsoft,HOT,Analytics,90,NO INGESTION,No Ingestion,0,0
SynapseDXFailedIngestion,Microsoft,HOT,Analytics,90,NO INGESTION,No Ingestion,0,0
SynapseDXIngestionBatching,Microsoft,HOT,Analytics,90,NO INGESTION,No Ingestion,0,0
SynapseDXQuery,Microsoft,HOT,Analytics,90,NO INGESTION,No Ingestion,0,0
SynapseDXSucceededIngestion,Microsoft,HOT,Analytics,90,NO INGESTION,No Ingestion,0,0
SynapseDXTableDetails,Microsoft,HOT,Analytics,90,NO INGESTION,No Ingestion,0,0
SynapseDXTableUsageStatistics,Microsoft,HOT,Analytics,90,NO INGESTION,No Ingestion,0,0
WVDErrors,Microsoft,HOT,Analytics,90,NO INGESTION,No Ingestion,0,0
AppPlatformIngressLogs,Microsoft,HOT,Analytics,90,NO INGESTION,No Ingestion,0,0
ADFSandboxActivityRun,Microsoft,HOT,Analytics,90,NO INGESTION,No Ingestion,0,0
AppPlatformBuildLogs,Microsoft,HOT,Analytics,90,NO INGESTION,No Ingestion,0,0
WebPubSubConnectivity,Microsoft,HOT,Analytics,90,NO INGESTION,No Ingestion,0,0
WebPubSubHttpRequest,Microsoft,HOT,Analytics,90,NO INGESTION,No Ingestion,0,0
WebPubSubMessaging,Microsoft,HOT,Analytics,90,NO INGESTION,No Ingestion,0,0
WVDAgentHealthStatus,Microsoft,HOT,Analytics,90,NO INGESTION,No Ingestion,0,0
DSMAzureBlobStorageLogs,Microsoft,HOT,Analytics,90,NO INGESTION,No Ingestion,0,0
AppServiceHTTPLogs,Microsoft,HOT,Analytics,90,NO INGESTION,No Ingestion,0,0
WVDConnectionNetworkData,Microsoft,HOT,Analytics,90,NO INGESTION,No Ingestion,0,0
AegDeliveryFailureLogs,Microsoft,HOT,Analytics,90,NO INGESTION,No Ingestion,0,0
AegPublishFailureLogs,Microsoft,HOT,Analytics,90,NO INGESTION,No Ingestion,0,0
AppPlatformSystemLogs,Microsoft,HOT,Analytics,90,NO INGESTION,No Ingestion,0,0
AppPlatformContainerEventLogs,Microsoft,HOT,Analytics,90,NO INGESTION,No Ingestion,0,0
AppServicePlatformLogs,Microsoft,HOT,Analytics,90,NO INGESTION,No Ingestion,0,0
OLPSupplyChainEvents,Microsoft,HOT,Analytics,90,NO INGESTION,No Ingestion,0,0
SynapseDXCommand,Microsoft,HOT,Analytics,90,NO INGESTION,No Ingestion,0,0
AmlEnvironmentEvent,Microsoft,HOT,Analytics,90,NO INGESTION,No Ingestion,0,0
AmlRunEvent,Microsoft,HOT,Analytics,90,NO INGESTION,No Ingestion,0,0
AmlPipelineEvent,Microsoft,HOT,Analytics,90,NO INGESTION,No Ingestion,0,0
HDInsightSparkTaskEvents,Microsoft,HOT,Analytics,90,NO INGESTION,No Ingestion,0,0
HDInsightSparkLogs,Microsoft,HOT,Analytics,90,NO INGESTION,No Ingestion,0,0
HDInsightSecurityLogs,Microsoft,HOT,Analytics,90,NO INGESTION,No Ingestion,0,0
HDInsightRangerAuditLogs,Microsoft,HOT,Analytics,90,NO INGESTION,No Ingestion,0,0
HDInsightHiveAndLLAPLogs,Microsoft,HOT,Analytics,90,NO INGESTION,No Ingestion,0,0
HDInsightHiveAndLLAPMetrics,Microsoft,HOT,Analytics,90,NO INGESTION,No Ingestion,0,0
HDInsightHadoopAndYarnLogs,Microsoft,HOT,Analytics,90,NO INGESTION,No Ingestion,0,0
HDInsightHadoopAndYarnMetrics,Microsoft,HOT,Analytics,90,NO INGESTION,No Ingestion,0,0
HDInsightOozieLogs,Microsoft,HOT,Analytics,90,NO INGESTION,No Ingestion,0,0
HDInsightHiveQueryAppStats,Microsoft,HOT,Analytics,90,NO INGESTION,No Ingestion,0,0
HDInsightHiveTezAppStats,Microsoft,HOT,Analytics,90,NO INGESTION,No Ingestion,0,0
UserAccessAnalytics,Microsoft,HOT,Analytics,90,NO INGESTION,No Ingestion,0,0
ADTDigitalTwinsOperation,Microsoft,HOT,Analytics,90,NO INGESTION,No Ingestion,0,0
ADTModelsOperation,Microsoft,HOT,Analytics,90,NO INGESTION,No Ingestion,0,0
ACICollaborationAudit,Microsoft,HOT,Analytics,90,NO INGESTION,No Ingestion,0,0
AppPlatformLogsforSpring,Microsoft,HOT,Analytics,90,NO INGESTION,No Ingestion,0,0
MCCEventLogs,Microsoft,HOT,Analytics,90,NO INGESTION,No Ingestion,0,0
AmlComputeInstanceEvent,Microsoft,HOT,Analytics,90,NO INGESTION,No Ingestion,0,0
AmlDataLabelEvent,Microsoft,HOT,Analytics,90,NO INGESTION,No Ingestion,0,0
AmlDataSetEvent,Microsoft,HOT,Analytics,90,NO INGESTION,No Ingestion,0,0
AmlDataStoreEvent,Microsoft,HOT,Analytics,90,NO INGESTION,No Ingestion,0,0
AmlDeploymentEvent,Microsoft,HOT,Analytics,90,NO INGESTION,No Ingestion,0,0
AmlInferencingEvent,Microsoft,HOT,Analytics,90,NO INGESTION,No Ingestion,0,0
AmlModelsEvent,Microsoft,HOT,Analytics,90,NO INGESTION,No Ingestion,0,0
ADTEventRoutesOperation,Microsoft,HOT,Analytics,90,NO INGESTION,No Ingestion,0,0
AutoscaleScaleActionsLog,Microsoft,HOT,Analytics,90,NO INGESTION,No Ingestion,0,0
Rapid7InsightVMCloudVulnerabilities,Microsoft,HOT,Analytics,90,NO INGESTION,No Ingestion,0,0
CommonSecurityLog,Microsoft,HOT,Analytics,90,NO INGESTION,No Ingestion,0,0
GCPVPCFlow,Microsoft,HOT,Analytics,90,NO INGESTION,No Ingestion,0,0
GCPDNS,Microsoft,HOT,Analytics,90,NO INGESTION,No Ingestion,0,0
GCPIAM,Microsoft,HOT,Analytics,90,NO INGESTION,No Ingestion,0,0
AWSSecurityHubFindings,Microsoft,HOT,Analytics,90,NO INGESTION,No Ingestion,0,0
ThreatIntelligenceIndicator,Microsoft,HOT,Analytics,90,NO INGESTION,No Ingestion,0,0
AWSRoute53Resolver,Microsoft,HOT,Analytics,90,NO INGESTION,No Ingestion,0,0
AWSNetworkFirewallAlert,Microsoft,HOT,Analytics,90,NO INGESTION,No Ingestion,0,0
AWSNetworkFirewallFlow,Microsoft,HOT,Analytics,90,NO INGESTION,No Ingestion,0,0
AWSNetworkFirewallTls,Microsoft,HOT,Analytics,90,NO INGESTION,No Ingestion,0,0
GCPCDN,Microsoft,HOT,Analytics,90,NO INGESTION,No Ingestion,0,0
GCPIDS,Microsoft,HOT,Analytics,90,NO INGESTION,No Ingestion,0,0
IlumioInsights,Microsoft,HOT,Analytics,90,NO INGESTION,No Ingestion,0,0
NetworkSessions,Microsoft,HOT,Analytics,90,NO INGESTION,No Ingestion,0,0
DnsAuditEvents,Microsoft,HOT,Analytics,90,NO INGESTION,No Ingestion,0,0
GCPApigee,Microsoft,HOT,Analytics,90,NO INGESTION,No Ingestion,0,0
EmailPostDeliveryEvents,Microsoft,HOT,Analytics,90,HAS DATA,2/28/2026 12:00:00 PM,0,0
AWSS3ServerAccess,Microsoft,HOT,Analytics,90,NO INGESTION,No Ingestion,0,0
GKEAudit,Microsoft,HOT,Analytics,90,NO INGESTION,No Ingestion,0,0
GCPMonitoring,Microsoft,HOT,Analytics,90,NO INGESTION,No Ingestion,0,0
GKEAPIServer,Microsoft,HOT,Analytics,90,NO INGESTION,No Ingestion,0,0
GKEScheduler,Microsoft,HOT,Analytics,90,NO INGESTION,No Ingestion,0,0
GKEControllerManager,Microsoft,HOT,Analytics,90,NO INGESTION,No Ingestion,0,0
GKEHPADecision,Microsoft,HOT,Analytics,90,NO INGESTION,No Ingestion,0,0
AggregatedSecurityAlert,Microsoft,HOT,Analytics,90,NO INGESTION,No Ingestion,0,0
GKEApplication,Microsoft,HOT,Analytics,90,NO INGESTION,No Ingestion,0,0
ABAPAuthorizationDetails,Microsoft,HOT,Analytics,90,NO INGESTION,No Ingestion,0,0
ABAPUserDetails,Microsoft,HOT,Analytics,90,NO INGESTION,No Ingestion,0,0
Dynamics365Activity,Microsoft,HOT,Analytics,90,NO INGESTION,No Ingestion,0,0
HuntingBookmark,Microsoft,HOT,Analytics,90,NO INGESTION,No Ingestion,0,0
DynamicSummary,Microsoft,HOT,Analytics,90,NO INGESTION,No Ingestion,0,0
LinuxAuditLog,Microsoft,HOT,Analytics,90,NO INGESTION,No Ingestion,0,0
DnsEvents,Microsoft,HOT,Analytics,90,NO INGESTION,No Ingestion,0,0
DnsInventory,Microsoft,HOT,Analytics,90,NO INGESTION,No Ingestion,0,0
ConfidentialWatchlist,Microsoft,HOT,Analytics,90,NO INGESTION,No Ingestion,0,0
AWSGuardDuty,Microsoft,HOT,Analytics,90,NO INGESTION,No Ingestion,0,0
AWSCloudWatch,Microsoft,HOT,Analytics,90,NO INGESTION,No Ingestion,0,0
AWSWAF,Microsoft,HOT,Analytics,90,NO INGESTION,No Ingestion,0,0
GCPFirewallLogs,Microsoft,HOT,Analytics,90,NO INGESTION,No Ingestion,0,0
GCPLoadBalancer,Microsoft,HOT,Analytics,90,NO INGESTION,No Ingestion,0,0
GoogleCloudSCC,Microsoft,HOT,Analytics,90,NO INGESTION,No Ingestion,0,0
IdentityQueryEvents,Microsoft,HOT,Analytics,90,NO INGESTION,No Ingestion,0,0
IdentityDirectoryEvents,Microsoft,HOT,Analytics,90,HAS DATA,2/23/2026 12:00:00 PM,0,0
FileMaliciousContentInfo,Microsoft,HOT,Analytics,90,NO INGESTION,No Ingestion,0,0
CampaignInfo,Microsoft,HOT,Analytics,90,NO INGESTION,No Ingestion,0,0
CommunicationComplianceActivity,Microsoft,HOT,Analytics,90,NO INGESTION,No Ingestion,0,0
ProjectActivity,Microsoft,HOT,Analytics,90,NO INGESTION,No Ingestion,0,0
OktaSystemLogs,Microsoft,HOT,Analytics,90,NO INGESTION,No Ingestion,0,0
DataverseActivity,Microsoft,HOT,Analytics,90,NO INGESTION,No Ingestion,0,0
ABAPAuditLog,Microsoft,HOT,Analytics,90,NO INGESTION,No Ingestion,0,0
ABAPChangeDocsLog,Microsoft,HOT,Analytics,90,NO INGESTION,No Ingestion,0,0
ABAPTableDataLog,Microsoft,HOT,Analytics,90,NO INGESTION,No Ingestion,0,0
GCPCloudSQL,Microsoft,HOT,Analytics,90,NO INGESTION,No Ingestion,0,0
GCPNAT,Microsoft,HOT,Analytics,90,NO INGESTION,No Ingestion,0,0
GCPNATAudit,Microsoft,HOT,Analytics,90,NO INGESTION,No Ingestion,0,0
ASimAuditEventLogs,Microsoft,HOT,Analytics,90,NO INGESTION,No Ingestion,0,0
ASimProcessEventLogs,Microsoft,HOT,Analytics,90,NO INGESTION,No Ingestion,0,0
AWSELBFlowLogs,Microsoft,HOT,Analytics,90,NO INGESTION,No Ingestion,0,0
AWSNLBAccessLogs,Microsoft,HOT,Analytics,90,NO INGESTION,No Ingestion,0,0
AWSALBAccessLogs,Microsoft,HOT,Analytics,90,NO INGESTION,No Ingestion,0,0
GoogleWorkspaceReports,Microsoft,HOT,Analytics,90,NO INGESTION,No Ingestion,0,0
SentinelBehaviorInfo,Microsoft,HOT,Analytics,90,NO INGESTION,No Ingestion,0,0
AWSCloudTrail,Microsoft,HOT,Analytics,90,NO INGESTION,No Ingestion,0,0
ASimNetworkSessionLogs,Microsoft,HOT,Analytics,90,NO INGESTION,No Ingestion,0,0
CopilotActivity,Microsoft,HOT,Analytics,90,NO INGESTION,No Ingestion,0,0
QualysKnowledgeBase,Microsoft,HOT,Analytics,90,NO INGESTION,No Ingestion,0,0
ASimAlertEventLogs,Microsoft,HOT,Analytics,90,NO INGESTION,No Ingestion,0,0
ASimDnsActivityLogs,Microsoft,HOT,Analytics,90,NO INGESTION,No Ingestion,0,0
ASimWebSessionLogs,Microsoft,HOT,Analytics,90,NO INGESTION,No Ingestion,0,0
GCPCloudRun,Microsoft,HOT,Analytics,90,NO INGESTION,No Ingestion,0,0
CrowdStrikeVulnerabilities,Microsoft,HOT,Analytics,90,NO INGESTION,No Ingestion,0,0
CrowdStrikeAlerts,Microsoft,HOT,Analytics,90,NO INGESTION,No Ingestion,0,0
CrowdStrikeIncidents,Microsoft,HOT,Analytics,90,NO INGESTION,No Ingestion,0,0
CrowdStrikeDetections,Microsoft,HOT,Analytics,90,NO INGESTION,No Ingestion,0,0
CrowdStrikeHosts,Microsoft,HOT,Analytics,90,NO INGESTION,No Ingestion,0,0
CrowdStrikeCases,Microsoft,HOT,Analytics,90,NO INGESTION,No Ingestion,0,0
AWSEKSLogs,Microsoft,HOT,Analytics,90,NO INGESTION,No Ingestion,0,0
ASimAuthenticationEventLogs,Microsoft,HOT,Analytics,90,NO INGESTION,No Ingestion,0,0
ASimRegistryEventLogs,Microsoft,HOT,Analytics,90,NO INGESTION,No Ingestion,0,0
ASimUserManagementActivityLogs,Microsoft,HOT,Analytics,90,NO INGESTION,No Ingestion,0,0
ASimFileEventLogs,Microsoft,HOT,Analytics,90,NO INGESTION,No Ingestion,0,0
ASimDhcpEventLogs,Microsoft,HOT,Analytics,90,NO INGESTION,No Ingestion,0,0
GCPResourceManager,Microsoft,HOT,Analytics,90,NO INGESTION,No Ingestion,0,0
GCPComputeEngine,Microsoft,HOT,Analytics,90,NO INGESTION,No Ingestion,0,0
WindowsEvent,Microsoft,HOT,Analytics,90,NO INGESTION,No Ingestion,0,0
DeviceRegistryEvents,Microsoft,HOT,Analytics,90,NO INGESTION,No Ingestion,0,0
DeviceFileEvents,Microsoft,HOT,Analytics,90,NO INGESTION,No Ingestion,0,0
DeviceLogonEvents,Microsoft,HOT,Analytics,90,NO INGESTION,No Ingestion,0,0
DeviceImageLoadEvents,Microsoft,HOT,Analytics,90,NO INGESTION,No Ingestion,0,0
DeviceFileCertificateInfo,Microsoft,HOT,Analytics,90,NO INGESTION,No Ingestion,0,0
PowerAppsActivity,Microsoft,HOT,Analytics,90,NO INGESTION,No Ingestion,0,0
PowerAutomateActivity,Microsoft,HOT,Analytics,90,HAS DATA,2/25/2026 7:00:00 PM,0,0
PowerPlatformDlpActivity,Microsoft,HOT,Analytics,90,NO INGESTION,No Ingestion,0,0
Rapid7InsightVMCloudAssets,Microsoft,HOT,Analytics,90,NO INGESTION,No Ingestion,0,0
PowerPlatformConnectorActivity,Microsoft,HOT,Analytics,90,NO INGESTION,No Ingestion,0,0
DeviceTvmSoftwareInventory,Microsoft,HOT,Analytics,90,NO INGESTION,No Ingestion,0,0
DeviceTvmSoftwareVulnerabilities,Microsoft,HOT,Analytics,90,NO INGESTION,No Ingestion,0,0
DeviceTvmSoftwareVulnerabilitiesKB,Microsoft,HOT,Analytics,90,NO INGESTION,No Ingestion,0,0
DeviceTvmSecureConfigurationAssessmentKB,Microsoft,HOT,Analytics,90,NO INGESTION,No Ingestion,0,0
AWSVPCFlow,Microsoft,HOT,Analytics,90,NO INGESTION,No Ingestion,0,0
GCPAuditLogs,Microsoft,HOT,Analytics,90,NO INGESTION,No Ingestion,0,0
SentinelBehaviorEntities,Microsoft,HOT,Analytics,90,NO INGESTION,No Ingestion,0,0
UrlClickEvents,Microsoft,HOT,Analytics,90,HAS DATA,2/26/2026 7:00:00 AM,0,0
ThreatIntelExportOperation,Microsoft,HOT,Analytics,90,NO INGESTION,No Ingestion,0,0
LLMActivity,Microsoft,HOT,Analytics,90,NO INGESTION,No Ingestion,0,0
McasShadowItReporting,Microsoft,HOT,Analytics,90,NO INGESTION,No Ingestion,0,0
DeviceTvmSecureConfigurationAssessment,Microsoft,HOT,Analytics,90,NO INGESTION,No Ingestion,0,0
ADTQueryOperation,Microsoft,HOT,Analytics,90,NO INGESTION,No Ingestion,0,0
ADTDataHistoryOperation,Microsoft,HOT,Analytics,90,NO INGESTION,No Ingestion,0,0
ADFPipelineRun,Microsoft,HOT,Analytics,90,NO INGESTION,No Ingestion,0,0
ACSAdvancedMessagingOperations,Microsoft,HOT,Analytics,90,NO INGESTION,No Ingestion,0,0
AKSAudit,Microsoft,HOT,Analytics,90,NO INGESTION,No Ingestion,0,0
AKSAuditAdmin,Microsoft,HOT,Analytics,90,NO INGESTION,No Ingestion,0,0
WOUserAudits,Microsoft,HOT,Analytics,90,NO INGESTION,No Ingestion,0,0
WOUserDiagnostics,Microsoft,HOT,Analytics,90,NO INGESTION,No Ingestion,0,0
AzureDevOpsAuditing,Microsoft,HOT,Analytics,90,NO INGESTION,No Ingestion,0,0
ACRConnectedClientList,Microsoft,HOT,Analytics,90,NO INGESTION,No Ingestion,0,0
AZFWNetworkRule,Microsoft,HOT,Analytics,90,NO INGESTION,No Ingestion,0,0
AZFWFatFlow,Microsoft,HOT,Analytics,90,NO INGESTION,No Ingestion,0,0
AZFWFlowTrace,Microsoft,HOT,Analytics,90,NO INGESTION,No Ingestion,0,0
AZFWApplicationRule,Microsoft,HOT,Analytics,90,NO INGESTION,No Ingestion,0,0
AZFWThreatIntel,Microsoft,HOT,Analytics,90,NO INGESTION,No Ingestion,0,0
AZFWNatRule,Microsoft,HOT,Analytics,90,NO INGESTION,No Ingestion,0,0
AZFWIdpsSignature,Microsoft,HOT,Analytics,90,NO INGESTION,No Ingestion,0,0
AZFWInternalFqdnResolutionFailure,Microsoft,HOT,Analytics,90,NO INGESTION,No Ingestion,0,0
AZFWNetworkRuleAggregation,Microsoft,HOT,Analytics,90,NO INGESTION,No Ingestion,0,0
AZFWApplicationRuleAggregation,Microsoft,HOT,Analytics,90,NO INGESTION,No Ingestion,0,0
AZFWNatRuleAggregation,Microsoft,HOT,Analytics,90,NO INGESTION,No Ingestion,0,0
NCBMSystemLogs,Microsoft,HOT,Analytics,90,NO INGESTION,No Ingestion,0,0
NCBMSecurityLogs,Microsoft,HOT,Analytics,90,NO INGESTION,No Ingestion,0,0
NCBMSecurityDefenderLogs,Microsoft,HOT,Analytics,90,NO INGESTION,No Ingestion,0,0
NCBMBreakGlassAuditLogs,Microsoft,HOT,Analytics,90,NO INGESTION,No Ingestion,0,0
AZMSOperationalLogs,Microsoft,HOT,Analytics,90,NO INGESTION,No Ingestion,0,0
ACSCallAutomationMediaSummary,Microsoft,HOT,Analytics,90,NO INGESTION,No Ingestion,0,0
AZMSRunTimeAuditLogs,Microsoft,HOT,Analytics,90,NO INGESTION,No Ingestion,0,0
ACSRoomsIncomingOperations,Microsoft,HOT,Analytics,90,NO INGESTION,No Ingestion,0,0
ACSCallClosedCaptionsSummary,Microsoft,HOT,Analytics,90,NO INGESTION,No Ingestion,0,0
ADXDataOperation,Microsoft,HOT,Analytics,90,NO INGESTION,No Ingestion,0,0
AGSGrafanaUsageInsightsEvents,Microsoft,HOT,Analytics,90,NO INGESTION,No Ingestion,0,0
SVMPoolExecutionLog,Microsoft,HOT,Analytics,90,NO INGESTION,No Ingestion,0,0
SVMPoolRequestLog,Microsoft,HOT,Analytics,90,NO INGESTION,No Ingestion,0,0
OEWExperimentScorecardMetricPairs,Microsoft,HOT,Analytics,90,NO INGESTION,No Ingestion,0,0
Alert,Microsoft,HOT,Analytics,90,NO INGESTION,No Ingestion,0,0
ADXCommand,Microsoft,HOT,Analytics,90,NO INGESTION,No Ingestion,0,0
ADXQuery,Microsoft,HOT,Analytics,90,NO INGESTION,No Ingestion,0,0
WVDConnections,Microsoft,HOT,Analytics,90,NO INGESTION,No Ingestion,0,0
ACSEmailStatusUpdateOperational,Microsoft,HOT,Analytics,90,NO INGESTION,No Ingestion,0,0
ACSChatIncomingOperations,Microsoft,HOT,Analytics,90,NO INGESTION,No Ingestion,0,0
ACSSMSIncomingOperations,Microsoft,HOT,Analytics,90,NO INGESTION,No Ingestion,0,0
ACSOptOutManagementOperations,Microsoft,HOT,Analytics,90,NO INGESTION,No Ingestion,0,0
ACSAuthIncomingOperations,Microsoft,HOT,Analytics,90,NO INGESTION,No Ingestion,0,0
ACSBillingUsage,Microsoft,HOT,Analytics,90,NO INGESTION,No Ingestion,0,0
ACSCallingMetrics,Microsoft,HOT,Analytics,90,NO INGESTION,No Ingestion,0,0
ACSCallSurvey,Microsoft,HOT,Analytics,90,NO INGESTION,No Ingestion,0,0
ACSCallClientServiceRequestAndOutcome,Microsoft,HOT,Analytics,90,NO INGESTION,No Ingestion,0,0
ACSCallClientOperations,Microsoft,HOT,Analytics,90,NO INGESTION,No Ingestion,0,0
ACSCallClientMediaStatsTimeSeries,Microsoft,HOT,Analytics,90,NO INGESTION,No Ingestion,0,0
ACSEmailSendMailOperational,Microsoft,HOT,Analytics,90,NO INGESTION,No Ingestion,0,0
ACSCallRecordingIncomingOperations,Microsoft,HOT,Analytics,90,NO INGESTION,No Ingestion,0,0
ACSCallRecordingSummary,Microsoft,HOT,Analytics,90,NO INGESTION,No Ingestion,0,0
ACSJobRouterIncomingOperations,Microsoft,HOT,Analytics,90,NO INGESTION,No Ingestion,0,0
AZMSDiagnosticErrorLogs,Microsoft,HOT,Analytics,90,NO INGESTION,No Ingestion,0,0
AADFirstPartyToFirstPartySignInLogs,Microsoft,HOT,Analytics,90,NO INGESTION,No Ingestion,0,0
RemoteNetworkHealthLogs,Microsoft,HOT,Analytics,90,NO INGESTION,No Ingestion,0,0
DatabricksGitCredentials,Microsoft,HOT,Analytics,90,NO INGESTION,No Ingestion,0,0
DatabricksGlobalInitScripts,Microsoft,HOT,Analytics,90,NO INGESTION,No Ingestion,0,0
DatabricksIAMRole,Microsoft,HOT,Analytics,90,NO INGESTION,No Ingestion,0,0
DatabricksMLflowExperiment,Microsoft,HOT,Analytics,90,NO INGESTION,No Ingestion,0,0
DatabricksModelRegistry,Microsoft,HOT,Analytics,90,NO INGESTION,No Ingestion,0,0
DatabricksServerlessRealTimeInference,Microsoft,HOT,Analytics,90,NO INGESTION,No Ingestion,0,0
DatabricksPartnerHub,Microsoft,HOT,Analytics,90,NO INGESTION,No Ingestion,0,0
DatabricksRemoteHistoryService,Microsoft,HOT,Analytics,90,NO INGESTION,No Ingestion,0,0
DatabricksRepos,Microsoft,HOT,Analytics,90,NO INGESTION,No Ingestion,0,0
DatabricksSQL,Microsoft,HOT,Analytics,90,NO INGESTION,No Ingestion,0,0
DatabricksUnityCatalog,Microsoft,HOT,Analytics,90,NO INGESTION,No Ingestion,0,0
DatabricksWebTerminal,Microsoft,HOT,Analytics,90,NO INGESTION,No Ingestion,0,0
AVSVcSyslog,Microsoft,HOT,Analytics,90,NO INGESTION,No Ingestion,0,0
AVSEsxiFirewallSyslog,Microsoft,HOT,Analytics,90,NO INGESTION,No Ingestion,0,0
AVSEsxiSyslog,Microsoft,HOT,Analytics,90,NO INGESTION,No Ingestion,0,0
AVSNsxManagerSyslog,Microsoft,HOT,Analytics,90,NO INGESTION,No Ingestion,0,0
AVSNsxEdgeSyslog,Microsoft,HOT,Analytics,90,NO INGESTION,No Ingestion,0,0
AVSSyslog,Microsoft,HOT,Analytics,90,NO INGESTION,No Ingestion,0,0
ADFTriggerRun,Microsoft,HOT,Analytics,90,NO INGESTION,No Ingestion,0,0
StorageBlobLogs,Microsoft,HOT,Analytics,90,NO INGESTION,No Ingestion,0,0
StorageFileLogs,Microsoft,HOT,Analytics,90,NO INGESTION,No Ingestion,0,0
StorageQueueLogs,Microsoft,HOT,Analytics,90,NO INGESTION,No Ingestion,0,0
StorageTableLogs,Microsoft,HOT,Analytics,90,NO INGESTION,No Ingestion,0,0
DatabricksGenie,Microsoft,HOT,Analytics,90,NO INGESTION,No Ingestion,0,0
DatabricksFeatureStore,Microsoft,HOT,Analytics,90,NO INGESTION,No Ingestion,0,0
DatabricksDeltaPipelines,Microsoft,HOT,Analytics,90,NO INGESTION,No Ingestion,0,0
DatabricksDatabricksSQL,Microsoft,HOT,Analytics,90,NO INGESTION,No Ingestion,0,0
BehaviorInfo,Microsoft,HOT,Analytics,90,NO INGESTION,No Ingestion,0,0
BehaviorEntities,Microsoft,HOT,Analytics,90,NO INGESTION,No Ingestion,0,0
DeviceBehaviorInfo,Microsoft,HOT,Analytics,90,NO INGESTION,No Ingestion,0,0
DeviceBehaviorEntities,Microsoft,HOT,Analytics,90,NO INGESTION,No Ingestion,0,0
PowerBIDatasetsTenant,Microsoft,HOT,Analytics,90,NO INGESTION,No Ingestion,0,0
PowerBIDatasetsWorkspace,Microsoft,HOT,Analytics,90,NO INGESTION,No Ingestion,0,0
MDECustomCollectionDeviceFileEvents,Microsoft,HOT,Analytics,90,NO INGESTION,No Ingestion,0,0
DatabricksAccounts,Microsoft,HOT,Analytics,90,NO INGESTION,No Ingestion,0,0
DatabricksClusters,Microsoft,HOT,Analytics,90,NO INGESTION,No Ingestion,0,0
DatabricksDBFS,Microsoft,HOT,Analytics,90,NO INGESTION,No Ingestion,0,0
DatabricksInstancePools,Microsoft,HOT,Analytics,90,NO INGESTION,No Ingestion,0,0
WVDSessionHostManagement,Microsoft,HOT,Analytics,90,NO INGESTION,No Ingestion,0,0
DatabricksJobs,Microsoft,HOT,Analytics,90,NO INGESTION,No Ingestion,0,0
DatabricksSecrets,Microsoft,HOT,Analytics,90,NO INGESTION,No Ingestion,0,0
DatabricksSQLPermissions,Microsoft,HOT,Analytics,90,NO INGESTION,No Ingestion,0,0
DatabricksSSH,Microsoft,HOT,Analytics,90,NO INGESTION,No Ingestion,0,0
DatabricksWorkspace,Microsoft,HOT,Analytics,90,NO INGESTION,No Ingestion,0,0
OEWAuditLogs,Microsoft,HOT,Analytics,90,NO INGESTION,No Ingestion,0,0
OEWExperimentAssignmentSummary,Microsoft,HOT,Analytics,90,NO INGESTION,No Ingestion,0,0
OEWExperimentScorecards,Microsoft,HOT,Analytics,90,NO INGESTION,No Ingestion,0,0
SynapseSqlPoolSqlRequests,Microsoft,HOT,Analytics,90,NO INGESTION,No Ingestion,0,0
DatabricksCapsule8Dataplane,Microsoft,HOT,Analytics,90,NO INGESTION,No Ingestion,0,0
DatabricksClamAVScan,Microsoft,HOT,Analytics,90,NO INGESTION,No Ingestion,0,0
DatabricksClusterLibraries,Microsoft,HOT,Analytics,90,NO INGESTION,No Ingestion,0,0
DatabricksNotebook,Microsoft,HOT,Analytics,90,NO INGESTION,No Ingestion,0,0
WVDManagement,Microsoft,HOT,Analytics,90,NO INGESTION,No Ingestion,0,0
WVDFeeds,Microsoft,HOT,Analytics,90,NO INGESTION,No Ingestion,0,0
CHSMServiceOperationAuditLogs,Microsoft,HOT,Analytics,90,NO INGESTION,No Ingestion,0,0
AgriFoodModelInferenceLogs,Microsoft,HOT,Analytics,90,NO INGESTION,No Ingestion,0,0
AgriFoodInsightLogs,Microsoft,HOT,Analytics,90,NO INGESTION,No Ingestion,0,0
AgriFoodJobProcessedLogs,Microsoft,HOT,Analytics,90,NO INGESTION,No Ingestion,0,0
AgriFoodSensorManagementLogs,Microsoft,HOT,Analytics,90,NO INGESTION,No Ingestion,0,0
ResourceManagementPublicAccessLogs,Microsoft,HOT,Analytics,90,NO INGESTION,No Ingestion,0,0
AGSGrafanaLoginEvents,Microsoft,HOT,Analytics,90,NO INGESTION,No Ingestion,0,0
AzureLoadTestingOperation,Microsoft,HOT,Analytics,90,NO INGESTION,No Ingestion,0,0
CassandraAudit,Microsoft,HOT,Analytics,90,NO INGESTION,No Ingestion,0,0
AEWComputePipelinesLogs,Microsoft,HOT,Analytics,90,NO INGESTION,No Ingestion,0,0
HDInsightGatewayAuditLogs,Microsoft,HOT,Analytics,90,NO INGESTION,No Ingestion,0,0
OLPSupplyChainEntityOperations,Microsoft,HOT,Analytics,90,NO INGESTION,No Ingestion,0,0
AppServiceServerlessSecurityPluginData,Microsoft,HOT,Analytics,90,NO INGESTION,No Ingestion,0,0
StorageCacheOperationEvents,Microsoft,HOT,Analytics,90,NO INGESTION,No Ingestion,0,0
StorageCacheUpgradeEvents,Microsoft,HOT,Analytics,90,NO INGESTION,No Ingestion,0,0
StorageCacheWarningEvents,Microsoft,HOT,Analytics,90,NO INGESTION,No Ingestion,0,0
HDInsightKafkaServerLog,Microsoft,HOT,Analytics,90,NO INGESTION,No Ingestion,0,0
TSIIngress,Microsoft,HOT,Analytics,90,NO INGESTION,No Ingestion,0,0
WVDHostRegistrations,Microsoft,HOT,Analytics,90,NO INGESTION,No Ingestion,0,0
LogicAppWorkflowRuntime,Microsoft,HOT,Analytics,90,NO INGESTION,No Ingestion,0,0
ASCDeviceEvents,Microsoft,HOT,Analytics,90,NO INGESTION,No Ingestion,0,0
StorageMoverJobRunLogs,Microsoft,HOT,Analytics,90,NO INGESTION,No Ingestion,0,0
MicrosoftAzureBastionAuditLogs,Microsoft,HOT,Analytics,90,NO INGESTION,No Ingestion,0,0
AmlOnlineEndpointConsoleLog,Microsoft,HOT,Analytics,90,NO INGESTION,No Ingestion,0,0
AgriFoodApplicationAuditLogs,Microsoft,HOT,Analytics,90,NO INGESTION,No Ingestion,0,0
AgriFoodProviderAuthLogs,Microsoft,HOT,Analytics,90,NO INGESTION,No Ingestion,0,0
AgriFoodFarmOperationLogs,Microsoft,HOT,Analytics,90,NO INGESTION,No Ingestion,0,0
AgriFoodSatelliteLogs,Microsoft,HOT,Analytics,90,NO INGESTION,No Ingestion,0,0
ADFSandboxPipelineRun,Microsoft,HOT,Analytics,90,NO INGESTION,No Ingestion,0,0
AmlOnlineEndpointEventLog,Microsoft,HOT,Analytics,90,NO INGESTION,No Ingestion,0,0
SignalRServiceDiagnosticLogs,Microsoft,HOT,Analytics,90,NO INGESTION,No Ingestion,0,0
ANFFileAccess,Microsoft,HOT,Analytics,90,NO INGESTION,No Ingestion,0,0
PFTitleAuditLogs,Microsoft,HOT,Analytics,90,NO INGESTION,No Ingestion,0,0
VIAudit,Microsoft,HOT,Analytics,90,NO INGESTION,No Ingestion,0,0
VIIndexing,Microsoft,HOT,Analytics,90,NO INGESTION,No Ingestion,0,0
WVDConnectionGraphicsDataPreview,Microsoft,HOT,Analytics,90,NO INGESTION,No Ingestion,0,0
AzureAttestationDiagnostics,Microsoft,HOT,Analytics,90,NO INGESTION,No Ingestion,0,0
MCVPOperationLogs,Microsoft,HOT,Analytics,90,NO INGESTION,No Ingestion,0,0
MCVPAuditLogs,Microsoft,HOT,Analytics,90,NO INGESTION,No Ingestion,0,0
AmlOnlineEndpointTrafficLog,Microsoft,HOT,Analytics,90,NO INGESTION,No Ingestion,0,0
SynapseGatewayApiRequests,Microsoft,HOT,Analytics,90,NO INGESTION,No Ingestion,0,0
SynapseIntegrationActivityRuns,Microsoft,HOT,Analytics,90,NO INGESTION,No Ingestion,0,0
SynapseBigDataPoolApplicationsEnded,Microsoft,HOT,Analytics,90,NO INGESTION,No Ingestion,0,0
SynapseBuiltinSqlPoolRequestsEnded,Microsoft,HOT,Analytics,90,NO INGESTION,No Ingestion,0,0
UCClientReadinessStatus,Microsoft,HOT,Analytics,90,NO INGESTION,No Ingestion,0,0
UCDeviceAlert,Microsoft,HOT,Analytics,90,NO INGESTION,No Ingestion,0,0
UCServiceUpdateStatus,Microsoft,HOT,Analytics,90,NO INGESTION,No Ingestion,0,0
UCUpdateAlert,Microsoft,HOT,Analytics,90,NO INGESTION,No Ingestion,0,0
StorageAntimalwareScanResults,Microsoft,HOT,Analytics,90,NO INGESTION,No Ingestion,0,0
AADB2CRequestLogs,Microsoft,HOT,Analytics,90,NO INGESTION,No Ingestion,0,0
AgriFoodFarmManagementLogs,Microsoft,HOT,Analytics,90,NO INGESTION,No Ingestion,0,0
AgriFoodWeatherLogs,Microsoft,HOT,Analytics,90,NO INGESTION,No Ingestion,0,0
SynapseIntegrationPipelineRuns,Microsoft,HOT,Analytics,90,NO INGESTION,No Ingestion,0,0
AADDomainServicesDNSAuditsGeneral,Microsoft,HOT,Analytics,90,NO INGESTION,No Ingestion,0,0
AmlRegistryReadEventsLog,Microsoft,HOT,Analytics,90,NO INGESTION,No Ingestion,0,0
AACAudit,Microsoft,HOT,Analytics,90,NO INGESTION,No Ingestion,0,0
AddonAzureBackupJobs,Microsoft,HOT,Analytics,90,NO INGESTION,No Ingestion,0,0
AddonAzureBackupPolicy,Microsoft,HOT,Analytics,90,NO INGESTION,No Ingestion,0,0
AddonAzureBackupStorage,Microsoft,HOT,Analytics,90,NO INGESTION,No Ingestion,0,0
AppServiceAppLogs,Microsoft,HOT,Analytics,90,NO INGESTION,No Ingestion,0,0
CoreAzureBackup,Microsoft,HOT,Analytics,90,NO INGESTION,No Ingestion,0,0
AADDomainServicesLogonLogoff,Microsoft,HOT,Analytics,90,NO INGESTION,No Ingestion,0,0
ASRReplicatedItems,Microsoft,HOT,Analytics,90,NO INGESTION,No Ingestion,0,0
AzureBackupOperations,Microsoft,HOT,Analytics,90,NO INGESTION,No Ingestion,0,0
CIEventsAudit,Microsoft,HOT,Analytics,90,NO INGESTION,No Ingestion,0,0
CIEventsOperational,Microsoft,HOT,Analytics,90,NO INGESTION,No Ingestion,0,0
SynapseRbacOperations,Microsoft,HOT,Analytics,90,NO INGESTION,No Ingestion,0,0
AddonAzureBackupProtectedInstance,Microsoft,HOT,Analytics,90,NO INGESTION,No Ingestion,0,0
NTATopologyDetails,Microsoft,HOT,Analytics,90,NO INGESTION,No Ingestion,0,0
AMWMetricsUsageDetails,Microsoft,HOT,Analytics,90,NO INGESTION,No Ingestion,0,0
ASRJobs,Microsoft,HOT,Analytics,90,NO INGESTION,No Ingestion,0,0
UCClient,Microsoft,HOT,Analytics,90,NO INGESTION,No Ingestion,0,0
UCClientUpdateStatus,Microsoft,HOT,Analytics,90,NO INGESTION,No Ingestion,0,0
NTAIpDetails,Microsoft,HOT,Analytics,90,NO INGESTION,No Ingestion,0,0
NTAInsights,Microsoft,HOT,Analytics,90,NO INGESTION,No Ingestion,0,0
AzureActivityV2,Microsoft,HOT,Analytics,90,NO INGESTION,No Ingestion,0,0
ApiManagementGatewayLogs,Microsoft,HOT,Analytics,90,NO INGESTION,No Ingestion,0,0
ContainerAppSystemLogs,Microsoft,HOT,Analytics,90,NO INGESTION,No Ingestion,0,0
NGXSecurityLogs,Microsoft,HOT,Analytics,90,NO INGESTION,No Ingestion,0,0
AddonAzureBackupAlerts,Microsoft,HOT,Analytics,90,NO INGESTION,No Ingestion,0,0
LASummaryLogs,Microsoft,HOT,Analytics,90,NO INGESTION,No Ingestion,0,0
AEWAssignmentBlobLogs,Microsoft,HOT,Analytics,90,NO INGESTION,No Ingestion,0,0
AppServiceAuthenticationLogs,Microsoft,HOT,Analytics,90,NO INGESTION,No Ingestion,0,0
AADDomainServicesAccountManagement,Microsoft,HOT,Analytics,90,NO INGESTION,No Ingestion,0,0
AADDomainServicesDirectoryServiceAccess,Microsoft,HOT,Analytics,90,NO INGESTION,No Ingestion,0,0
AADDomainServicesPolicyChange,Microsoft,HOT,Analytics,90,NO INGESTION,No Ingestion,0,0
AADDomainServicesPrivilegeUse,Microsoft,HOT,Analytics,90,NO INGESTION,No Ingestion,0,0
WVDAutoscaleEvaluationPooled,Microsoft,HOT,Analytics,90,NO INGESTION,No Ingestion,0,0
OEPAuditLogs,Microsoft,HOT,Analytics,90,NO INGESTION,No Ingestion,0,0
ApiManagementWebSocketConnectionLogs,Microsoft,HOT,Analytics,90,NO INGESTION,No Ingestion,0,0
OEPAirFlowTask,Microsoft,HOT,Analytics,90,NO INGESTION,No Ingestion,0,0
PurviewSecurityLogs,Microsoft,HOT,Analytics,90,NO INGESTION,No Ingestion,0,0
AmlComputeCpuGpuUtilization,Microsoft,HOT,Analytics,90,NO INGESTION,No Ingestion,0,0
ContainerInstanceLog,Microsoft,HOT,Analytics,90,NO INGESTION,No Ingestion,0,0
AmlRegistryWriteEventsLog,Microsoft,HOT,Analytics,90,NO INGESTION,No Ingestion,0,0
ContainerEvent,Microsoft,HOT,Analytics,90,NO INGESTION,No Ingestion,0,0
DCRLogTroubleshooting,Microsoft,HOT,Analytics,90,NO INGESTION,No Ingestion,0,0
CassandraLogs,Microsoft,HOT,Analytics,90,NO INGESTION,No Ingestion,0,0
FailedIngestion,Microsoft,HOT,Analytics,90,NO INGESTION,No Ingestion,0,0
ADXIngestionBatching,Microsoft,HOT,Analytics,90,NO INGESTION,No Ingestion,0,0
ADXJournal,Microsoft,HOT,Analytics,90,NO INGESTION,No Ingestion,0,0
SucceededIngestion,Microsoft,HOT,Analytics,90,NO INGESTION,No Ingestion,0,0
ADXTableDetails,Microsoft,HOT,Analytics,90,NO INGESTION,No Ingestion,0,0
ADXTableUsageStatistics,Microsoft,HOT,Analytics,90,NO INGESTION,No Ingestion,0,0
Windows365AuditLogs,Microsoft,HOT,Analytics,90,NO INGESTION,No Ingestion,0,0
AzureMetricsV2,Microsoft,HOT,Analytics,90,NO INGESTION,No Ingestion,0,0
AmlRunStatusChangedEvent,Microsoft,HOT,Analytics,90,NO INGESTION,No Ingestion,0,0
DCRLogErrors,Microsoft,HOT,Analytics,90,NO INGESTION,No Ingestion,0,0
CustomWebApp_CL,CustomLog,HOT,Analytics,90,HAS DATA,2/14/2026 2:00:00 PM,0,0
