"DisplayName","Severity","Kind","Tactics","LastModified"
"Failed login attempts to Azure Portal","Low","Scheduled","CredentialAccess","4/20/2025 6:23:35 AM"
"Privileged Accounts - Sign in Failure Spikes","High","Scheduled","InitialAccess","12/5/2023 6:48:32 PM"
"User Accounts - Sign in Failure due to CA Spikes","Medium","Scheduled","InitialAccess","12/5/2023 6:48:32 PM"
"Azure Portal sign in from another Azure Tenant","Medium","Scheduled","InitialAccess","12/6/2023 6:01:32 AM"
"Suspicious Sign In Followed by MFA Modification","Medium","Scheduled","InitialAccess, DefenseEvasion","12/6/2023 6:03:32 AM"
"Attempts to sign in to disabled accounts","Medium","Scheduled","InitialAccess","4/18/2025 3:38:18 PM"
"Azure Active Directory PowerShell accessing non-AAD resources","Low","Scheduled","InitialAccess","12/6/2023 7:16:38 PM"
"Account created or deleted by non-approved user","Medium","Scheduled","InitialAccess","12/6/2023 7:17:36 PM"
"Bulk Changes to Privileged Account Permissions","High","Scheduled","PrivilegeEscalation","12/6/2023 7:19:29 PM"
"Password spray attack against ADFSSignInLogs","Medium","Scheduled","CredentialAccess","12/6/2023 7:20:53 PM"
"Brute Force Attack against GitHub Account","Medium","Scheduled","CredentialAccess","12/6/2023 7:23:42 PM"
"MFA Rejected by User","Medium","Scheduled","InitialAccess","12/6/2023 7:24:40 PM"
"New access credential added to Application or Service Principal","Medium","Scheduled","DefenseEvasion","4/18/2025 3:49:31 PM"
"Brute force attack against a Cloud PC","Medium","Scheduled","CredentialAccess","12/6/2023 7:26:27 PM"
"Suspicious AAD Joined Device Update","Medium","Scheduled","CredentialAccess","12/6/2023 7:28:20 PM"
"Multiple users email forwarded to same destination","Medium","Scheduled","Collection, Exfiltration","4/19/2025 7:07:24 AM"
"Malicious Inbox Rule","Medium","Scheduled","Persistence, DefenseEvasion","4/19/2025 7:05:54 AM"
"AV detections related to Tarrask malware","High","Scheduled","Persistence","4/20/2025 8:31:04 AM"
"Possible Phishing with CSL and Network Sessions","Medium","Scheduled","InitialAccess, CommandAndControl","4/20/2025 8:23:14 AM"
"AV detections related to SpringShell Vulnerability","High","Scheduled","InitialAccess","4/20/2025 8:30:05 AM"
"Sign-ins from IPs that attempt sign-ins to disabled accounts","Medium","Scheduled","InitialAccess, Persistence","12/6/2023 7:41:59 PM"
"Correlate Unfamiliar sign-in properties & atypical travel alerts","High","Scheduled","InitialAccess","4/18/2025 3:45:43 PM"
"Anomalous sign-in location by user account and authenticating application","Medium","Scheduled","InitialAccess","12/6/2023 7:43:39 PM"
"Fortinet - Accessing Remote Applications where device action is not blocked","High","Scheduled","CommandAndControl","7/31/2024 10:44:30 AM"
"Fortigate Possible Remote Code Execution Vulnerability in FortiOS SSL VPN_Custom","High","Scheduled","InitialAccess","7/31/2024 10:39:48 AM"
"Fortigate potential SQL Injection attack detected_Custom","Medium","Scheduled","Reconnaissance, InitialAccess","5/8/2025 8:24:50 AM"
"(Preview) Microsoft Defender Threat Intelligence Analytics","Medium","ThreatIntelligence","Persistence, LateralMovement","8/21/2024 1:07:58 PM"
"(Preview) Anomalous SSH Login Detection","Medium","MLBehaviorAnalytics","InitialAccess","8/21/2024 1:09:05 PM"
"(Preview) Anomalous RDP Login Detections","Medium","MLBehaviorAnalytics","InitialAccess","8/21/2024 1:11:03 PM"
"Rare Process as a Service","Medium","Scheduled","Persistence","8/21/2024 1:12:48 PM"
"Port scan detected  (ASIM Network Session schema)","Medium","Scheduled","Discovery","8/21/2024 1:13:02 PM"
"S3 bucket access point publicly exposed","Medium","Scheduled","Exfiltration","8/21/2024 1:14:08 PM"
"Detect port misuse by anomaly based detection (ASIM Network Session schema)","Medium","Scheduled","CommandAndControl, LateralMovement, Execution, InitialAccess","8/21/2024 1:14:10 PM"
"Excessive number of failed connections from a single source (ASIM Network Session schema)","Medium","Scheduled","Impact","8/21/2024 1:15:24 PM"
"Anomaly found in Network Session Traffic (ASIM Network Session schema)","Medium","Scheduled","CommandAndControl, Discovery, Exfiltration, LateralMovement","8/21/2024 1:17:55 PM"
"Detect port misuse by static threshold (ASIM Network Session schema)","Medium","Scheduled","CommandAndControl, Execution, InitialAccess","8/21/2024 1:19:39 PM"
"Network Port Sweep from External Network (ASIM Network Session schema)","High","Scheduled","Discovery","8/21/2024 1:20:41 PM"
"NRT Base64 Encoded Windows Process Command-lines","Medium","NRT","Execution, DefenseEvasion","8/21/2024 1:23:27 PM"
"Potential Password Spray Attack","Medium","Scheduled","CredentialAccess","8/21/2024 1:29:39 PM"
"SAP - (Preview) Critical authorizations assignment - New Authorization Value","Medium","Scheduled","PrivilegeEscalation","8/21/2024 1:31:12 PM"
"McAfee ePO - Error sending alert","Medium","Scheduled","DefenseEvasion","8/21/2024 1:35:21 PM"
"TI Map IP Entity to DeviceNetworkEvents","Medium","Scheduled","CommandAndControl","8/21/2024 1:37:03 PM"
"PaloAlto - Possible flooding","Medium","Scheduled","InitialAccess","8/21/2024 1:39:33 PM"
"TI Map IP Entity to AzureActivity","Medium","Scheduled","CommandAndControl","8/21/2024 1:40:35 PM"
"Creation of CRUD DynamoDB policy and then privilege escalation.","Medium","Scheduled","PrivilegeEscalation","8/21/2024 1:45:56 PM"
"S3 bucket exposed via policy","Medium","Scheduled","Exfiltration","8/21/2024 1:47:18 PM"
"TI Map URL Entity to UrlClickEvents","Medium","Scheduled","CommandAndControl","8/21/2024 1:48:42 PM"
"Network ACL with all the open ports to a specified CIDR","High","Scheduled","DefenseEvasion","8/21/2024 1:50:05 PM"
"TI map Domain entity to DnsEvents","Medium","Scheduled","CommandAndControl","8/21/2024 1:51:52 PM"
"GitLab - External User Added to GitLab","Medium","Scheduled","Persistence","8/21/2024 1:53:55 PM"
"NRT Security Event log cleared","Medium","NRT","DefenseEvasion","8/21/2024 1:57:21 PM"
"Creating keys with encrypt policy without MFA","Medium","Scheduled","Impact","8/21/2024 2:00:57 PM"
"McAfee ePO - Multiple threats on same host","Medium","Scheduled","InitialAccess, Persistence, DefenseEvasion, PrivilegeEscalation","8/21/2024 2:02:06 PM"
"Cisco WSA - Unexpected file type","Medium","Scheduled","InitialAccess","8/21/2024 2:03:50 PM"
"Unauthorized device in the network (Microsoft Defender for IoT)","Medium","Scheduled","Discovery","8/21/2024 2:05:53 PM"
"Power Platform - Possibly compromised user accesses Power Platform services","High","Scheduled","InitialAccess, LateralMovement","8/21/2024 2:06:51 PM"
"Non Domain Controller Active Directory Replication","High","Scheduled","CredentialAccess","8/21/2024 2:08:33 PM"
"TI map Email entity to OfficeActivity","Medium","Scheduled","InitialAccess","8/21/2024 2:23:51 PM"
"SUNBURST and SUPERNOVA backdoor hashes","High","Scheduled","Execution, Persistence, InitialAccess","8/21/2024 2:25:16 PM"
"CiscoISE - Log files deleted","Medium","Scheduled","DefenseEvasion","8/21/2024 2:35:05 PM"
"Website blocked by ESET","Low","Scheduled","Exfiltration, CommandAndControl, InitialAccess","8/21/2024 2:45:35 PM"
"Cisco WSA - Multiple errors to URL","Medium","Scheduled","CommandAndControl","8/21/2024 2:47:17 PM"
"OracleDBAudit - Shutdown Server","Medium","Scheduled","Impact","8/21/2024 2:49:19 PM"
"Fortiweb - WAF Allowed threat","High","Scheduled","InitialAccess","8/21/2024 2:50:10 PM"
"Claroty - Multiple failed logins to same destinations","High","Scheduled","InitialAccess","8/21/2024 2:51:46 PM"
"Contrast Exploits","High","Scheduled","InitialAccess, Exfiltration","8/21/2024 2:53:09 PM"
"Squid proxy events for ToR proxies","Low","Scheduled","CommandAndControl","4/19/2025 8:20:25 AM"
"Local Admin Group Changes","High","Scheduled","Persistence","4/20/2025 7:25:44 AM"
"McAfee ePO - Unable to clean or delete infected file","High","Scheduled","DefenseEvasion","8/21/2024 2:59:46 PM"
"Semperis DSP Well-known privileged SIDs in sIDHistory","Medium","Scheduled","PrivilegeEscalation, DefenseEvasion","8/21/2024 3:01:17 PM"
"Preview - TI map File Hash entity to Cloud App Events","Medium","Scheduled","CommandAndControl","4/18/2025 1:21:38 PM"
"CiscoISE - Backup failed","Medium","Scheduled","Impact","8/21/2024 3:03:44 PM"
"Power Apps - Bulk sharing of Power Apps to newly created guest users","Medium","Scheduled","ResourceDevelopment, InitialAccess, LateralMovement","8/21/2024 3:05:16 PM"
"Several deny actions registered","Medium","Scheduled","Discovery, LateralMovement, CommandAndControl","8/21/2024 3:07:26 PM"
"Denial of Service (Microsoft Defender for IoT)","High","Scheduled","InhibitResponseFunction","8/21/2024 3:07:26 PM"
"High bandwidth in the network (Microsoft Defender for IoT)","Low","Scheduled","Discovery","8/21/2024 3:11:09 PM"
"Ping Federate - Unexpected country for user","Medium","Scheduled","InitialAccess","8/21/2024 3:12:38 PM"
"OracleDBAudit - SQL injection patterns","Medium","Scheduled","InitialAccess","8/21/2024 3:13:51 PM"
"Threat Essentials - Time series anomaly for data size transferred to public internet","Medium","Scheduled","Exfiltration","4/18/2025 1:19:26 PM"
"McAfee ePO - Agent Handler down","Medium","Scheduled","DefenseEvasion","8/21/2024 3:16:35 PM"
"Successful brute force attack on S3 Bucket.","High","Scheduled","DefenseEvasion","8/21/2024 3:18:02 PM"
"ApexOne - Spyware with failed response","High","Scheduled","InitialAccess","8/21/2024 3:18:47 PM"
"Insider Risk_High User Security Incidents Correlation","High","Scheduled","Execution","8/21/2024 3:20:46 PM"
"Doppelpaymer Stop Services","High","Scheduled","Execution, DefenseEvasion","8/21/2024 3:21:47 PM"
"Failed logon attempts in authpriv","Medium","Scheduled","CredentialAccess","8/21/2024 3:22:20 PM"
"Accessed files shared by temporary external user","Low","Scheduled","InitialAccess","8/21/2024 3:22:35 PM"
"ClientDeniedAccess","Medium","Scheduled","CredentialAccess","8/21/2024 3:23:56 PM"
"Port Scan Detected","Medium","Scheduled","Discovery","8/21/2024 3:24:48 PM"
"Claroty - Treat detected","High","Scheduled","Discovery","8/21/2024 3:28:08 PM"
"Files Copied to USB Drives","High","Scheduled","Exfiltration","8/21/2024 3:29:37 PM"
"SAP - Data has Changed During Debugging Activity","High","Scheduled","Execution, LateralMovement","8/21/2024 3:30:23 PM"
"Semperis DSP Recent sIDHistory changes on AD objects","High","Scheduled","PrivilegeEscalation","8/21/2024 3:32:39 PM"
"Suspicious AWS CLI Command Execution","Medium","Scheduled","Reconnaissance","8/21/2024 3:34:01 PM"
"Detection of Malware C2 IPs in Azure Act. Events","Medium","Scheduled","CommandAndControl","8/21/2024 3:35:56 PM"
"New EXE deployed via Default Domain or Default Domain Controller Policies","High","Scheduled","Execution, LateralMovement","8/21/2024 3:38:01 PM"
"Detection of Malware C2 Domains in Syslog Events","Medium","Scheduled","CommandAndControl","8/21/2024 3:39:28 PM"
"Excessive Blocked Traffic Events Generated by User","Medium","Scheduled","Exfiltration, CommandAndControl, LateralMovement","4/16/2025 7:04:22 AM"
"Semperis DSP Kerberos krbtgt account with old password","Medium","Scheduled","CredentialAccess","8/21/2024 3:41:06 PM"
"Cisco ASA - threat detection message fired","Medium","Scheduled","Discovery, Impact","8/21/2024 3:42:29 PM"
"NRT Sensitive Azure Key Vault operations","Low","NRT","Impact","8/21/2024 3:45:07 PM"
"Suspicious command sent to EC2","High","Scheduled","Execution","8/21/2024 3:47:04 PM"
"Jira - Workflow scheme copied","Medium","Scheduled","Collection","8/21/2024 3:49:36 PM"
"Sensitive Data Discovered in the Last 24 Hours - Customized","Informational","Scheduled","Discovery","8/21/2024 3:52:40 PM"
"Preview - TI map IP entity to Cloud App Events","Medium","Scheduled","CommandAndControl","4/18/2025 1:20:09 PM"
"TI map IP entity to DNS Events (ASIM DNS schema)","Medium","Scheduled","CommandAndControl","8/21/2024 3:54:24 PM"
"TI map Email entity to EmailEvents","Medium","Scheduled","InitialAccess","8/21/2024 3:55:14 PM"
"Jira - User removed from project","Medium","Scheduled","Impact","8/21/2024 3:55:57 PM"
"Creation of EC2 policy and then privilege escalation","High","Scheduled","PrivilegeEscalation","8/21/2024 3:56:31 PM"
"SAP - System Configuration Change","High","Scheduled","Exfiltration, DefenseEvasion, Persistence","8/21/2024 3:56:38 PM"
"TI map Domain entity to PaloAlto CommonSecurityLog","Medium","Scheduled","CommandAndControl","8/21/2024 3:58:25 PM"
"Changes made to AWS CloudTrail logs","High","Scheduled","DefenseEvasion","8/21/2024 4:00:04 PM"
"Semperis DSP Mimikatz's DCShadow Alert","High","Scheduled","DefenseEvasion","8/21/2024 4:05:46 PM"
"TI map File Hash to CommonSecurityLog Event","Medium","Scheduled","CommandAndControl","8/21/2024 4:06:30 PM"
"PaloAlto - File type changed","Medium","Scheduled","InitialAccess","8/21/2024 4:08:35 PM"
"Infoblox - Many High Threat Level Single Query Detected","Medium","Scheduled","Impact","8/21/2024 4:09:27 PM"
"New executable via Office FileUploaded Operation","Low","Scheduled","CommandAndControl, LateralMovement","8/21/2024 4:11:00 PM"
"Successful API executed from a Tor exit node","High","Scheduled","Execution","8/21/2024 4:14:14 PM"
"Privilege escalation via EC2 policy","Medium","Scheduled","PrivilegeEscalation","8/21/2024 4:15:53 PM"
"Claroty - New Asset","High","Scheduled","InitialAccess","8/21/2024 4:16:44 PM"
"ApexOne - Inbound remote access connection","High","Scheduled","LateralMovement","8/21/2024 7:35:52 PM"
"Critical Risks","High","Scheduled","Execution, InitialAccess, PrivilegeEscalation","8/21/2024 7:42:31 PM"
"McAfee ePO - Firewall disabled","Medium","Scheduled","DefenseEvasion, CommandAndControl","8/21/2024 7:47:30 PM"
"SAP - Execution of an Obsolete or an Insecure Function Module","Medium","Scheduled","Discovery, CommandAndControl","8/21/2024 7:48:42 PM"
"Infoblox - Many NXDOMAIN DNS Responses Detected","Medium","Scheduled","Impact","8/21/2024 7:52:35 PM"
"GitLab - User Impersonation","Medium","Scheduled","Persistence","8/21/2024 7:55:21 PM"
"Full Admin policy created and then attached to Roles, Users or Groups","Medium","Scheduled","PrivilegeEscalation","8/21/2024 7:56:41 PM"
"SAP - Brute Force (RFC)","Medium","Scheduled","CredentialAccess","8/21/2024 8:01:35 PM"
"Detect Potential Kerberoast Activities","Medium","Scheduled","CredentialAccess","8/21/2024 8:03:11 PM"
"Threat Essentials - Mail redirect via ExO transport rule","Medium","Scheduled","Collection, Exfiltration","8/21/2024 8:04:37 PM"
"SUNBURST network beacons","Medium","Scheduled","Execution, Persistence, InitialAccess","8/21/2024 8:05:56 PM"
"SAP - Client Configuration Change","High","Scheduled","DefenseEvasion, Exfiltration, Persistence","8/21/2024 8:10:13 PM"
"Office Apps Launching Wscipt","Medium","Scheduled","Execution, Collection, CommandAndControl","8/21/2024 8:22:17 PM"
"Jira - Global permission added","Medium","Scheduled","PrivilegeEscalation","8/21/2024 8:27:39 PM"
"OracleDBAudit - Multiple tables dropped in short time","Medium","Scheduled","Impact","8/21/2024 8:30:32 PM"
"Unusual Volume of file deletion by users","High","Scheduled","Impact","8/21/2024 8:34:03 PM"
"SAP - New ICF Services","High","Scheduled","CommandAndControl, Persistence, LateralMovement","8/21/2024 8:37:00 PM"
"Microsoft Entra ID Local Device Join Information and Transport Key Registry Keys Access","Medium","Scheduled","Discovery","8/21/2024 8:38:23 PM"
"Ping Federate - Abnormal password resets for user","High","Scheduled","InitialAccess, Persistence, PrivilegeEscalation","8/21/2024 8:40:52 PM"
"TI map File Hash to DeviceFileEvents Event","Medium","Scheduled","CommandAndControl","8/21/2024 8:42:55 PM"
"Service Accounts Performing Remote PS","High","Scheduled","LateralMovement","8/21/2024 8:43:57 PM"
"Detection of Malicious URLs in Syslog Events","Medium","Scheduled","Impact","8/21/2024 8:45:19 PM"
"Privilege escalation via CRUD Lambda policy","Medium","Scheduled","PrivilegeEscalation","8/21/2024 8:46:58 PM"
"SAP - (Preview) Dynamic Anomaly based Audit Log Monitor Alerts","High","Scheduled","","8/22/2024 5:16:13 AM"
"McAfee ePO - Logging error occurred","Medium","Scheduled","DefenseEvasion","8/22/2024 5:17:49 AM"
"SAP - Transaction is unlocked","Medium","Scheduled","Persistence, Execution","8/22/2024 5:19:30 AM"
"Potential Build Process Compromise - MDE","Medium","Scheduled","Persistence","8/22/2024 5:20:17 AM"
"Shadow Copy Deletions","Medium","Scheduled","Impact","8/22/2024 5:23:11 AM"
"Sdelete deployed via GPO and run recursively","Medium","Scheduled","Impact","8/22/2024 5:23:49 AM"
"CiscoISE - Certificate has expired","Medium","Scheduled","CredentialAccess","8/22/2024 5:25:05 AM"
"ECR image scan findings high or critical","High","Scheduled","Execution","8/22/2024 5:26:27 AM"
"Privilege escalation via CRUD S3 policy","Medium","Scheduled","PrivilegeEscalation","8/22/2024 5:27:50 AM"
"TI map Email entity to AzureActivity","Medium","Scheduled","InitialAccess","8/22/2024 5:28:27 AM"
"Failed Logins from Unknown or Invalid User","Medium","Scheduled","CredentialAccess","8/22/2024 5:36:57 AM"
"Privilege escalation with FullAccess managed policy","Medium","Scheduled","PrivilegeEscalation","8/22/2024 5:37:58 AM"
"GreyNoise TI Map IP Entity to SigninLogs","Medium","Scheduled","Impact","8/22/2024 5:38:58 AM"
"Detection of Malware C2 Domains in DNS Events","Medium","Scheduled","CommandAndControl","8/22/2024 5:41:28 AM"
"GitLab - Repository visibility to Public","Medium","Scheduled","Persistence, DefenseEvasion, CredentialAccess","8/22/2024 5:42:15 AM"
"Cisco WSA - Multiple infected files","High","Scheduled","InitialAccess","8/22/2024 5:44:04 AM"
"SAP - (Preview) Capture-replay vulnerability in SAP NetWeaver [CVE-2023-0014]","High","Scheduled","CredentialAccess","8/22/2024 5:45:21 AM"
"Clearing of forensic evidence from event logs using wevtutil","High","Scheduled","DefenseEvasion","8/22/2024 5:46:38 AM"
"SAP - High volume of potentially sensitive data exported","High","Scheduled","Exfiltration","8/22/2024 5:48:42 AM"
"CiscoISE -  Command executed with the highest privileges from new IP","Medium","Scheduled","InitialAccess, Persistence, PrivilegeEscalation, DefenseEvasion, Execution","8/22/2024 5:50:04 AM"
"TI Map URL Entity to DeviceNetworkEvents","Medium","Scheduled","CommandAndControl","8/22/2024 5:55:02 AM"
"TI Map IP Entity to SigninLogs","Medium","Scheduled","CommandAndControl","8/22/2024 5:55:47 AM"
"Excessive NXDOMAIN DNS Queries","Medium","Scheduled","CommandAndControl","8/22/2024 6:01:21 AM"
"TI map IP entity to Web Session Events (ASIM Web Session schema)","Medium","Scheduled","CommandAndControl","8/22/2024 6:02:12 AM"
"Squid proxy events related to mining pools","Low","Scheduled","CommandAndControl","4/19/2025 8:18:51 AM"
"Policy version set to default","Medium","Scheduled","InitialAccess","8/22/2024 6:05:10 AM"
"ApexOne - Suspicious connections","High","Scheduled","CommandAndControl","8/22/2024 6:05:57 AM"
"Creation of CRUD Lambda policy and then privilege escalation","Medium","Scheduled","PrivilegeEscalation","8/22/2024 6:08:44 AM"
"Power Automate - Departing employee flow activity","High","Scheduled","Exfiltration, Impact","8/22/2024 6:09:25 AM"
"Privilege escalation via SSM policy","Medium","Scheduled","PrivilegeEscalation","8/22/2024 6:10:47 AM"
"OracleDBAudit - Connection to database from external IP","Medium","Scheduled","InitialAccess, Collection, Exfiltration","8/22/2024 6:12:54 AM"
"Excessive Amount of Denied Connections from a Single Source","Medium","Scheduled","Impact","8/22/2024 6:13:44 AM"
"Suspicious overly permissive KMS key policy created","High","Scheduled","Impact","8/22/2024 6:14:36 AM"
"TI Map IP Entity to DnsEvents","Medium","Scheduled","CommandAndControl","8/22/2024 6:15:14 AM"
"SAP - Printing of potentially sensitive data","High","Scheduled","Exfiltration","8/22/2024 6:17:02 AM"
"TI map Domain entity to PaloAlto","Medium","Scheduled","CommandAndControl","8/22/2024 6:17:52 AM"
"SAP - Multiple Subnets by User","Medium","Scheduled","CredentialAccess, InitialAccess, Collection","8/22/2024 6:22:36 AM"
"SAP - (Preview) HANA DB - Assign Admin Authorizations","High","Scheduled","PrivilegeEscalation","8/22/2024 6:24:02 AM"
"TI map Domain entity to Dns Events (ASIM DNS Schema)","Medium","Scheduled","CommandAndControl","4/2/2025 12:39:44 PM"
"SAP - Execution of Sensitive Function Module","High","Scheduled","Discovery, CommandAndControl","8/22/2024 6:33:30 AM"
"PaloAlto - Inbound connection to high risk ports","Medium","Scheduled","InitialAccess","8/22/2024 6:35:20 AM"
"Admin promotion after Role Management Application Permission Grant","High","Scheduled","PrivilegeEscalation, Persistence","8/22/2024 6:36:01 AM"
"S3 bucket suspicious ransomware activity","High","Scheduled","Impact","8/22/2024 6:38:28 AM"
"VMware ESXi - Unexpected disk image","Medium","Scheduled","Impact","8/22/2024 6:40:24 AM"
"Suspicious malware found in the network (Microsoft Defender for IoT)","High","Scheduled","Impact","8/22/2024 6:41:19 AM"
"ApexOne - Device access permissions was changed","Medium","Scheduled","PrivilegeEscalation","8/22/2024 6:42:09 AM"
"PLC Stop Command (Microsoft Defender for IoT)","Medium","Scheduled","DefenseEvasion","8/22/2024 6:43:23 AM"
"SAP - FTP for non authorized servers","Medium","Scheduled","Discovery, InitialAccess, CommandAndControl","8/22/2024 6:44:47 AM"
"TI map Email entity to PaloAlto CommonSecurityLog","Medium","Scheduled","InitialAccess","8/22/2024 6:48:37 AM"
"DNS events related to mining pools","Low","Scheduled","Impact","8/22/2024 6:52:25 AM"
"Cisco WSA - Multiple attempts to download unwanted file","Medium","Scheduled","InitialAccess","8/22/2024 6:54:16 AM"
"Potential Ransomware activity related to Cobalt Strike","High","Scheduled","Execution, Persistence, DefenseEvasion, Impact","8/22/2024 6:56:25 AM"
"SAP - Multiple Spool Output Executions","Medium","Scheduled","CredentialAccess, Collection, Exfiltration","8/22/2024 6:57:16 AM"
"Rare and potentially high-risk Office operations","Low","Scheduled","Persistence, Collection","8/22/2024 6:58:21 AM"
"Exchange OAB Virtual Directory Attribute Containing Potential Webshell","High","Scheduled","InitialAccess","8/22/2024 7:00:29 AM"
"PaloAlto - Forbidden countries","Medium","Scheduled","InitialAccess","8/22/2024 7:01:20 AM"
"PaloAlto - User privileges was changed","Medium","Scheduled","InitialAccess","8/22/2024 7:05:20 AM"
"Jira - Permission scheme updated","Medium","Scheduled","Impact","8/22/2024 7:06:04 AM"
"Chia_Crypto_Mining IOC - June 2021","Low","Scheduled","Impact","8/22/2024 7:06:52 AM"
"Qakbot Campaign Self Deletion","Medium","Scheduled","DefenseEvasion","8/22/2024 7:07:41 AM"
"TI map Domain entity to EmailEvents","Medium","Scheduled","InitialAccess","8/22/2024 7:08:25 AM"
"VMware ESXi - Root login","High","Scheduled","InitialAccess, PrivilegeEscalation","8/22/2024 7:09:39 AM"
"Awake Security - Model With Multiple Destinations","Medium","Scheduled","","8/22/2024 7:10:49 AM"
"NRT Process executed from binary hidden in Base64 encoded file","Medium","NRT","Execution, DefenseEvasion","8/22/2024 7:11:43 AM"
"ApexOne - Attack Discovery Detection","High","Scheduled","InitialAccess","8/22/2024 7:13:17 AM"
"CiscoISE - Log collector was suspended","Medium","Scheduled","DefenseEvasion","8/22/2024 7:14:06 AM"
"RDS instance publicly exposed","Medium","Scheduled","Exfiltration","8/22/2024 7:20:47 AM"
"Power Apps - App activity from unauthorized geo","Low","Scheduled","InitialAccess","8/22/2024 7:28:45 AM"
"Office365 Sharepoint File transfer above threshold","Medium","Scheduled","Exfiltration","4/19/2025 7:04:25 AM"
"SAP - (Preview) File Downloaded From a Malicious IP Address","High","Scheduled","Exfiltration","8/22/2024 7:49:13 AM"
"C2-NamedPipe","High","Scheduled","CommandAndControl","8/22/2024 7:53:03 AM"
"Cisco WSA - Suspected protocol abuse","Medium","Scheduled","Exfiltration","8/22/2024 7:59:50 AM"
"Claroty - Policy violation","High","Scheduled","Discovery","8/22/2024 8:04:36 AM"
"PLC unsecure key state (Microsoft Defender for IoT)","Low","Scheduled","Execution","8/22/2024 8:06:26 AM"
"Threat Essentials - Mass Cloud resource deletions Time Series Anomaly","Medium","Scheduled","Impact","4/18/2025 1:18:48 PM"
"PulseConnectSecure - Large Number of Distinct Failed User Logins","Medium","Scheduled","CredentialAccess","8/22/2024 8:08:59 AM"
"GuardDuty detector disabled or suspended","High","Scheduled","DefenseEvasion","8/22/2024 8:10:23 AM"
"Possible AiTM Phishing Attempt Against Microsoft Entra ID","Medium","Scheduled","InitialAccess, DefenseEvasion, CredentialAccess","4/18/2025 1:17:47 PM"
"TI map Domain entity to SecurityAlert","Medium","Scheduled","CommandAndControl","8/22/2024 8:12:24 AM"
"TI Map URL Entity to PaloAlto Data","Medium","Scheduled","CommandAndControl","8/22/2024 8:16:07 AM"
"TI Map URL Entity to PaloAlto Data","Medium","Scheduled","CommandAndControl","8/22/2024 8:17:35 AM"
"SAP - Sensitive User's Password Change and Log in","High","Scheduled","Impact, CommandAndControl, PrivilegeEscalation","8/22/2024 8:18:53 AM"
"TI Map URL Entity to AuditLogs","Medium","Scheduled","CommandAndControl","4/2/2025 12:46:22 PM"
"Caramel Tsunami Actor IOC - July 2021","High","Scheduled","Persistence","8/22/2024 8:25:15 AM"
"VMware ESXi - New VM started","Medium","Scheduled","InitialAccess","8/22/2024 8:28:20 AM"
"TI map File Hash to Security Event","Medium","Scheduled","CommandAndControl","8/22/2024 8:28:50 AM"
"SAP - New ICF Service Handlers","High","Scheduled","Persistence, LateralMovement, CommandAndControl","8/22/2024 8:29:55 AM"
"Dataverse - Mass export of records to Excel","Low","Scheduled","Exfiltration","8/22/2024 8:30:46 AM"
"VMware ESXi - Root impersonation","Medium","Scheduled","PrivilegeEscalation","8/22/2024 8:36:06 AM"
"User Accessed Suspicious URL Categories","Medium","Scheduled","InitialAccess, CommandAndControl","4/2/2025 12:47:14 PM"
"Ping Federate - Unusual mail domain.","Medium","Scheduled","InitialAccess","8/22/2024 8:41:30 AM"
"Privilege escalation via CloudFormation policy","Medium","Scheduled","PrivilegeEscalation","8/22/2024 8:42:41 AM"
"McAfee ePO - Task error","Medium","Scheduled","DefenseEvasion","8/22/2024 8:43:18 AM"
"SAP - Sensitive Privileged User Logged in","High","Scheduled","InitialAccess, CredentialAccess","8/22/2024 8:44:58 AM"
"McAfee ePO - Update failed","Medium","Scheduled","DefenseEvasion","8/22/2024 9:04:34 AM"
"Jira - User's password changed multiple times","High","Scheduled","Persistence","8/22/2024 9:05:42 AM"
"Exchange AuditLog Disabled","Medium","Scheduled","DefenseEvasion","8/22/2024 9:06:36 AM"
"Unauthorized PLC changes (Microsoft Defender for IoT)","Medium","Scheduled","Persistence","8/22/2024 9:09:29 AM"
"Creation of Lambda policy and then privilege escalation","Medium","Scheduled","PrivilegeEscalation","8/22/2024 9:14:15 AM"
"Multiple Sources Affected by the Same TI Destination","Medium","Scheduled","Exfiltration, CommandAndControl","8/22/2024 9:16:00 AM"
"TI map Domain entity to EmailUrlInfo","Medium","Scheduled","InitialAccess","4/2/2025 12:48:08 PM"
"VMware ESXi - Multiple VMs stopped","Medium","Scheduled","Impact","8/22/2024 9:22:42 AM"
"Port Sweep","Medium","Scheduled","Discovery","8/22/2024 9:23:41 AM"
"GreyNoise TI Map IP Entity to DnsEvents","Medium","Scheduled","Impact","8/22/2024 9:25:45 AM"
"Power Apps - Data destruction following publishing of a new app","Medium","Scheduled","Impact","8/22/2024 9:26:36 AM"
"Claroty - Suspicious activity","High","Scheduled","Discovery","8/22/2024 9:27:21 AM"
"TI Map IP Entity to Azure SQL Security Audit Events","Medium","Scheduled","CommandAndControl","8/22/2024 9:28:11 AM"
"Creation of SSM policy and then privilege escalation","Medium","Scheduled","PrivilegeEscalation","8/22/2024 9:28:47 AM"
"Privilege escalation via CRUD KMS policy","Medium","Scheduled","PrivilegeEscalation","8/22/2024 9:33:31 AM"
"Possible Forest Blizzard attempted credential harvesting - Sept 2020","Low","Scheduled","CredentialAccess","8/22/2024 9:34:04 AM"
"Claroty - Multiple failed logins by user","High","Scheduled","InitialAccess","8/22/2024 9:36:08 AM"
"TEARDROP memory-only dropper","High","Scheduled","Execution, Persistence, DefenseEvasion","8/22/2024 9:37:21 AM"
"ApexOne - Multiple deny or terminate actions on single IP","High","Scheduled","InitialAccess","8/22/2024 9:38:38 AM"
"S3 object publicly exposed","Medium","Scheduled","Exfiltration","8/22/2024 9:40:02 AM"
"McAfee ePO - Deployment failed","High","Scheduled","DefenseEvasion","8/22/2024 9:42:25 AM"
"ApexOne - Suspicious commandline arguments","High","Scheduled","Execution","8/22/2024 9:46:10 AM"
"SAP - (Preview) AS JAVA - Sensitive Privileged User Signed In","Medium","Scheduled","InitialAccess","8/22/2024 9:47:25 AM"
"SAP - (Preview) HANA DB - Deactivation of Audit Trail","High","Scheduled","Persistence, LateralMovement, DefenseEvasion","8/22/2024 9:48:18 AM"
"VMware ESXi - VM stopped","Medium","Scheduled","Impact","8/22/2024 9:48:22 AM"
"Privilege escalation via CRUD DynamoDB policy","Medium","Scheduled","PrivilegeEscalation","8/22/2024 9:53:33 AM"
"TI map Email entity to SigninLogs","Medium","Scheduled","InitialAccess","8/22/2024 9:55:15 AM"
"Privilege escalation via CRUD DynamoDB policy","Medium","Scheduled","PrivilegeEscalation","8/22/2024 9:55:48 AM"
"SAP - Deactivation of Security Audit Log","High","Scheduled","Exfiltration, DefenseEvasion, Persistence","8/22/2024 9:57:46 AM"
"S3 bucket exposed via ACL","Medium","Scheduled","Exfiltration","8/22/2024 9:59:59 AM"
"GreyNoise TI map IP entity to OfficeActivity","Medium","Scheduled","Impact","8/22/2024 10:01:09 AM"
"Malware Detected","Medium","Scheduled","Execution","4/16/2025 7:05:49 AM"
"Jira - Project roles changed","Medium","Scheduled","Impact","8/22/2024 10:03:43 AM"
"Jira - Project roles changed","Medium","Scheduled","Impact","8/22/2024 10:05:47 AM"
"Stopping multiple processes using taskkill","Medium","Scheduled","DefenseEvasion","8/22/2024 10:07:39 AM"
"Regsvr32 Rundll32 Image Loads Abnormal Extension","High","Scheduled","DefenseEvasion","8/22/2024 10:08:39 AM"
"Privilege escalation via Lambda policy","Medium","Scheduled","PrivilegeEscalation","8/22/2024 10:09:18 AM"
"TI map Domain entity to Web Session Events (ASIM Web Session schema)","Medium","Scheduled","CommandAndControl","8/22/2024 10:10:37 AM"
"Unauthorized remote access to the network (Microsoft Defender for IoT)","Medium","Scheduled","InitialAccess","8/22/2024 10:11:37 AM"
"TI Map IP Entity to W3CIISLog","Medium","Scheduled","CommandAndControl","8/22/2024 10:15:42 AM"
"SAML update identity provider","High","Scheduled","Persistence","8/22/2024 10:16:06 AM"
"SAP - Debugging Activities","Medium","Scheduled","Discovery","8/22/2024 10:18:05 AM"
"TI Map IP Entity to VMConnection","Medium","Scheduled","CommandAndControl","8/22/2024 10:18:15 AM"
"AD FS Remote HTTP Network Connection","Medium","Scheduled","Collection","8/22/2024 10:19:07 AM"
"Qakbot Discovery Activies","Medium","Scheduled","DefenseEvasion, Discovery, Execution","8/22/2024 10:23:57 AM"
"SFTP File transfer above threshold","Medium","Scheduled","Exfiltration","4/20/2025 2:45:39 PM"
"Infoblox - High Threat Level Query Not Blocked Detected","Medium","Scheduled","Impact","8/22/2024 10:30:43 AM"
"SharePointFileOperation via previously unseen IPs","Medium","Scheduled","Exfiltration","8/22/2024 10:32:58 AM"
"SAP - Spool Takeover","Medium","Scheduled","Collection, Exfiltration, CommandAndControl","8/22/2024 10:34:37 AM"
"Creation of Glue policy and then privilege escalation","Medium","Scheduled","PrivilegeEscalation","8/22/2024 10:40:39 AM"
"SAP - SPNego Attack","High","Scheduled","Impact, LateralMovement","8/22/2024 10:48:03 AM"
"Deletion of data on multiple drives using cipher exe","Medium","Scheduled","Impact","8/22/2024 10:50:27 AM"
"Radiflow - Unauthorized Internet Access","Medium","Scheduled","InitialAccess, Impact","8/22/2024 10:52:13 AM"
"OracleDBAudit - Query on Sensitive Table","Medium","Scheduled","Collection","8/22/2024 10:54:47 AM"
"CiscoISE - Attempt to delete local store logs","Medium","Scheduled","DefenseEvasion","8/22/2024 10:55:16 AM"
"SAP - User Creates and uses new user","High","Scheduled","Discovery, Persistence","8/22/2024 10:56:44 AM"
"Excessive Windows Logon Failures","Low","Scheduled","CredentialAccess","8/22/2024 11:00:47 AM"
"Insider Risk_High User Security Alert Correlations","Medium","Scheduled","Execution","8/22/2024 11:04:46 AM"
"Privilege escalation via DataPipeline policy","Medium","Scheduled","PrivilegeEscalation","8/22/2024 11:05:22 AM"
"Exchange workflow MailItemsAccessed operation anomaly","Medium","Scheduled","Collection","4/19/2025 7:03:27 AM"
"SUNSPOT malware hashes","Medium","Scheduled","Persistence","8/22/2024 11:08:32 AM"
"CiscoISE - Command executed with the highest privileges by new user","Medium","Scheduled","InitialAccess, Persistence, PrivilegeEscalation, DefenseEvasion, Execution","8/22/2024 11:08:39 AM"
"Abnormal Deny Rate for Source IP","Medium","Scheduled","InitialAccess, Exfiltration, CommandAndControl","8/22/2024 11:09:36 AM"
"Microsoft COVID-19 file hash indicator matches","Medium","Scheduled","Impact","8/22/2024 11:19:19 AM"
"Awake Security - High Severity Matches By Device","Medium","Scheduled","","8/22/2024 11:22:19 AM"
"Illegal Function Codes for ICS traffic (Microsoft Defender for IoT)","Medium","Scheduled","ImpairProcessControl","8/22/2024 11:27:43 AM"
"Creation of CRUD KMS policy and then privilege escalation","Medium","Scheduled","PrivilegeEscalation","8/22/2024 11:28:58 AM"
"Changes to internet facing AWS RDS Database instances","Low","Scheduled","Persistence","8/22/2024 11:31:37 AM"
"SAP - Dialog logon attempt from a privileged user","High","Scheduled","CredentialAccess","8/22/2024 11:33:02 AM"
"Ping Federate - New user SSO success login","Low","Scheduled","InitialAccess, Persistence","8/22/2024 11:35:32 AM"
"SAP - Change in a Sensitive Privileged User","High","Scheduled","PrivilegeEscalation, CredentialAccess","8/22/2024 11:36:47 AM"
"Account Creation","Medium","Scheduled","Persistence","8/22/2024 11:37:56 AM"
"SAP - (Preview) HANA DB - User Admin actions","High","Scheduled","PrivilegeEscalation","8/22/2024 11:42:36 AM"
"Mail redirect via ExO transport rule","Medium","Scheduled","Collection, Exfiltration","8/22/2024 11:48:52 AM"
"SAP - (Preview) Sensitive Static Parameter Has Changed","Medium","Scheduled","Impact","8/22/2024 11:50:17 AM"
"SAP - Data collection health check","Medium","Scheduled","Impact","8/22/2024 11:51:14 AM"
"Ping Federate - OAuth old version","Medium","Scheduled","InitialAccess","8/22/2024 11:53:53 AM"
"CloudFormation policy created then used for privilege escalation","High","Scheduled","PrivilegeEscalation","8/22/2024 11:56:53 AM"
"SecurityEvent - Multiple authentication failures followed by a success","Low","Scheduled","CredentialAccess","8/22/2024 12:00:20 PM"
"TI map IP entity to OfficeActivity","Medium","Scheduled","CommandAndControl","8/22/2024 12:02:26 PM"
"Office Policy Tampering","Medium","Scheduled","Persistence, DefenseEvasion","8/22/2024 12:04:42 PM"
"GitLab - SSO - Sign-Ins Burst","Medium","Scheduled","CredentialAccess","8/22/2024 12:06:30 PM"
"Potential DHCP Starvation Attack","Medium","Scheduled","InitialAccess","8/22/2024 12:09:50 PM"
"Request for single resource on domain","Low","Scheduled","CommandAndControl","4/2/2025 12:48:57 PM"
"SAP - Assignment of a sensitive role","Medium","Scheduled","PrivilegeEscalation","8/22/2024 12:13:52 PM"
"SAP - Assignment of a sensitive profile","Medium","Scheduled","PrivilegeEscalation","8/22/2024 3:55:59 PM"
"Disabling Security Services via Registry","Medium","Scheduled","DefenseEvasion","8/22/2024 3:59:43 PM"
"TI Map URL Entity to Syslog Data","Medium","Scheduled","CommandAndControl","8/22/2024 4:01:08 PM"
"SAP - Execution of a Sensitive ABAP Program","High","Scheduled","Exfiltration, LateralMovement, Execution","8/22/2024 4:03:03 PM"
"PaloAlto - Put and post method request in high risk file type","High","Scheduled","InitialAccess","8/22/2024 4:06:26 PM"
"VMware ESXi - Dormant VM started","Medium","Scheduled","InitialAccess","8/22/2024 4:07:16 PM"
"Ping Federate - SAML old version","Medium","Scheduled","InitialAccess","8/22/2024 4:09:04 PM"
"Log4j vulnerability exploit aka Log4Shell IP IOC","High","Scheduled","CommandAndControl","8/22/2024 4:09:10 PM"
"Office365 Sharepoint File transfer Folders above threshold","Medium","Scheduled","Exfiltration","4/19/2025 7:01:13 AM"
"Ping Federate - Password reset request from unexpected source IP address..","Medium","Scheduled","InitialAccess","8/22/2024 4:15:44 PM"
"GitLab - Personal Access Tokens creation over time","Medium","Scheduled","Collection","8/22/2024 4:16:41 PM"
"Preview - TI map URL entity to Cloud App Events","Medium","Scheduled","CommandAndControl","4/2/2025 12:45:41 PM"
"NRT Squid proxy events related to mining pools","Low","NRT","CommandAndControl","8/22/2024 4:18:23 PM"
"SAP - Dynamic ABAP Program","Low","Scheduled","Discovery, CommandAndControl, Impact","8/22/2024 4:19:13 PM"
"Remote File Creation with PsExec","High","Scheduled","LateralMovement","8/22/2024 4:20:21 PM"
"Scheduled Task Hide","High","Scheduled","DefenseEvasion","8/22/2024 4:23:41 PM"
"Java Executing cmd to run Powershell","High","Scheduled","Execution","8/22/2024 4:24:35 PM"
"Privilege escalation via Glue policy","Medium","Scheduled","PrivilegeEscalation","8/22/2024 4:24:50 PM"
"Cisco WSA - Access to unwanted site","High","Scheduled","InitialAccess","8/22/2024 4:28:47 PM"
"VMware ESXi - Multiple new VMs started","Medium","Scheduled","InitialAccess","8/22/2024 4:29:53 PM"
"TI map Email entity to SecurityAlert","Medium","Scheduled","InitialAccess","8/22/2024 4:29:53 PM"
"Rare client observed with high reverse DNS lookup count","Medium","Scheduled","Discovery","8/22/2024 4:31:22 PM"
"LSASS Credential Dumping with Procdump","High","Scheduled","CredentialAccess","8/22/2024 4:32:27 PM"
"Creation of DataPipeline policy and then privilege escalation.","High","Scheduled","PrivilegeEscalation","8/22/2024 4:32:30 PM"
"McAfee ePO - Scanning engine disabled","Low","Scheduled","DefenseEvasion","8/22/2024 4:34:05 PM"
"SAP - Sensitive Role Changes","Medium","Scheduled","Impact, PrivilegeEscalation, Persistence","8/22/2024 4:36:10 PM"
"No traffic on Sensor Detected (Microsoft Defender for IoT)","High","Scheduled","InhibitResponseFunction","8/22/2024 4:37:09 PM"
"Cisco WSA - Internet access from public IP","Medium","Scheduled","InitialAccess","8/22/2024 4:39:01 PM"
"VMware ESXi - Low temp directory space","Medium","Scheduled","Impact","8/22/2024 4:39:28 PM"
"Cisco WSA - Unexpected URL","Medium","Scheduled","CommandAndControl","8/22/2024 4:40:28 PM"
"Potential Fodhelper UAC Bypass","Medium","Scheduled","PrivilegeEscalation","8/22/2024 4:40:46 PM"
"TI map IP entity to Azure Key Vault logs","Medium","Scheduled","CommandAndControl","8/22/2024 4:41:54 PM"
"Infoblox - TI - Syslog Match Found - URL","Medium","Scheduled","Impact","8/22/2024 4:42:52 PM"
"Contrast Suspicious","Medium","Scheduled","InitialAccess, Exfiltration","8/22/2024 4:44:42 PM"
"Insider Risk_Risky User Access By Application","Medium","Scheduled","Execution","8/22/2024 4:46:51 PM"
"MosaicLoader","High","Scheduled","DefenseEvasion","8/22/2024 4:49:18 PM"
"Claroty - Suspicious file transfer","High","Scheduled","Discovery","8/22/2024 4:53:42 PM"
"Threat Essentials - User Assigned Privileged Role","High","Scheduled","Persistence","8/22/2024 4:55:12 PM"
"AV detections related to Ukraine threats","High","Scheduled","Impact","8/22/2024 4:56:06 PM"
"Deimos Component Execution","High","Scheduled","Execution, Collection, Exfiltration","8/22/2024 4:57:19 PM"
"SharePointFileOperation via devices with previously unseen user agents","Medium","Scheduled","Exfiltration","8/22/2024 4:58:20 PM"
"Dataverse - Guest user exfiltration following Power Platform defense impairment","High","Scheduled","DefenseEvasion, Exfiltration","8/22/2024 5:09:56 PM"
"TI map Email entity to SecurityEvent","Medium","Scheduled","InitialAccess","8/22/2024 5:11:25 PM"
"LaZagne Credential Theft","Medium","Scheduled","CredentialAccess","8/22/2024 5:16:57 PM"
"SAP - (Preview) Sensitive data saved into a USB drive","High","Scheduled","Exfiltration","8/22/2024 5:19:45 PM"
"SAP - Dynamic Deterministic Audit Log Monitor","High","Scheduled","","8/22/2024 5:27:24 PM"
"Detect CoreBackUp Deletion Activity from related Security Alerts","Medium","Scheduled","Impact","8/22/2024 5:28:43 PM"
"Privilege escalation with AdministratorAccess managed policy","Medium","Scheduled","PrivilegeEscalation","8/22/2024 5:32:14 PM"
"Infoblox - Many High Threat Level Queries From Single Host Detected","Medium","Scheduled","Impact","8/22/2024 6:03:32 PM"
"Jira - User removed from group","Medium","Scheduled","Impact","8/22/2024 6:04:23 PM"
"TI map IP entity to Network Session Events (ASIM Network Session schema)","Medium","Scheduled","CommandAndControl","8/22/2024 6:05:57 PM"
"McAfee ePO - Attempt uninstall McAfee agent","Medium","Scheduled","DefenseEvasion","8/22/2024 6:13:54 PM"
"PaloAlto - Dropping or denying session with traffic","Medium","Scheduled","InitialAccess","8/22/2024 6:17:38 PM"
"Excessive Failed Authentication from Invalid Inputs","Medium","Scheduled","CredentialAccess","8/22/2024 6:22:26 PM"
"OracleDBAudit - User activity after long inactivity time","Medium","Scheduled","InitialAccess, Persistence","8/22/2024 6:31:15 PM"
"Creation of new CRUD IAM policy and then privilege escalation.","Medium","Scheduled","PrivilegeEscalation","8/22/2024 6:32:34 PM"
"Cisco SDWAN - Intrusion Events","High","Scheduled","DefenseEvasion","8/22/2024 6:33:58 PM"
"External user added and removed in short timeframe","Low","Scheduled","Persistence","8/22/2024 6:36:07 PM"
"Cisco SDWAN - IPS Event Threshold","High","Scheduled","Discovery","8/22/2024 6:37:03 PM"
"Cisco ASA - average attack detection rate increase","Low","Scheduled","Discovery, Impact","8/22/2024 6:46:20 PM"
"McAfee ePO - File added to exceptions","Medium","Scheduled","DefenseEvasion","8/22/2024 6:47:16 PM"
"GreyNoise TI map IP entity to Network Session Events (ASIM Network Session schema)","Medium","Scheduled","Impact","8/22/2024 6:50:09 PM"
"CiscoISE - Device PostureStatus changed to non-compliant","Medium","Scheduled","PrivilegeEscalation, Persistence","8/22/2024 6:51:37 PM"
"Changes to Amazon VPC settings","Low","Scheduled","PrivilegeEscalation, LateralMovement","8/22/2024 6:53:43 PM"
"vArmour AppController - SMB Realm Traversal","Medium","Scheduled","Discovery, LateralMovement","8/22/2024 6:56:25 PM"
"Threats detected by ESET","Low","Scheduled","Execution","8/22/2024 6:57:38 PM"
"Gain Code Execution on ADFS Server via SMB + Remote Service or Scheduled Task","Medium","Scheduled","LateralMovement","8/22/2024 7:02:10 PM"
"Unauthorized DHCP configuration in the network (Microsoft Defender for IoT)","Medium","Scheduled","Discovery","8/22/2024 7:04:43 PM"
"Claroty - Asset Down","High","Scheduled","Impact","8/22/2024 7:06:45 PM"
"OracleDBAudit - Connection to database from unknown IP","Medium","Scheduled","InitialAccess","8/22/2024 7:08:23 PM"
"Power Automate - Unusual bulk deletion of flow resources","Medium","Scheduled","Impact, DefenseEvasion","8/22/2024 7:09:37 PM"
"Multiple scans in the network (Microsoft Defender for IoT)","High","Scheduled","Discovery","8/22/2024 7:11:26 PM"
"VMware ESXi - Low patch disk space","Medium","Scheduled","Impact","8/22/2024 7:18:22 PM"
"SAP - Activation or Deactivation of ICF Service","High","Scheduled","CommandAndControl, LateralMovement, Persistence","8/22/2024 7:19:51 PM"
"PaloAlto - MAC address conflict","Low","Scheduled","InitialAccess","8/22/2024 7:26:11 PM"
"User Login from Different Countries within 3 hours","High","Scheduled","InitialAccess","8/22/2024 7:27:32 PM"
"Threat Essentials - NRT User added to Microsoft Entra ID Privileged Groups","Medium","NRT","Persistence, PrivilegeEscalation","4/18/2025 1:17:04 PM"
"Starting or Stopping HealthService to Avoid Detection","Medium","Scheduled","DefenseEvasion","8/22/2024 7:47:21 PM"
"Changes to AWS Security Group ingress and egress settings","Low","Scheduled","Persistence","8/22/2024 7:48:16 PM"
"SonicWall - Capture ATP Malicious File Detection","Medium","Scheduled","Execution","8/22/2024 7:52:25 PM"
"Detection of Malware C2 IPs in DNS Events","Medium","Scheduled","CommandAndControl","8/22/2024 7:53:34 PM"
"DopplePaymer Procdump","High","Scheduled","CredentialAccess","8/22/2024 7:55:04 PM"
"ADFS Database Named Pipe Connection","Medium","Scheduled","Collection","8/22/2024 7:57:53 PM"
"AD user enabled and password not set within 48 hours","Low","Scheduled","Persistence","8/22/2024 7:59:55 PM"
"PaloAlto - Possible port scan","High","Scheduled","Reconnaissance","8/22/2024 8:22:18 PM"
"Power Apps - Multiple users access a malicious link after launching new app","High","Scheduled","InitialAccess","8/22/2024 8:23:21 PM"
"Cisco SEG - Multiple suspiciuos attachments received","High","Scheduled","InitialAccess","8/22/2024 8:25:43 PM"
"Suspicious AWS EC2 Compute Resource Deployments","Medium","Scheduled","Impact","8/22/2024 8:27:45 PM"
"Execution of software vulnerable to webp buffer overflow of CVE-2023-4863","Informational","Scheduled","Execution","4/20/2025 11:38:45 AM"
"Mass secret retrieval from Azure Key Vault","Low","Scheduled","CredentialAccess","8/22/2024 8:33:21 PM"
"TI map IP entity to AWSCloudTrail","Medium","Scheduled","CommandAndControl","8/22/2024 8:35:25 PM"
"Abnormal Port to Protocol","Medium","Scheduled","DefenseEvasion, Exfiltration, CommandAndControl","8/22/2024 8:38:03 PM"
"Internet Access (Microsoft Defender for IoT)","High","Scheduled","LateralMovement","8/22/2024 8:40:00 PM"
"TI Map URL Entity to SecurityAlert Data","Medium","Scheduled","CommandAndControl","8/22/2024 8:43:37 PM"
"Excessive Login Attempts (Microsoft Defender for IoT)","High","Scheduled","ImpairProcessControl","8/22/2024 8:45:38 PM"
"TI Map IP Entity to CommonSecurityLog","Medium","Scheduled","CommandAndControl","8/22/2024 8:49:09 PM"
"TI map Domain entity to Syslog","Medium","Scheduled","CommandAndControl","8/22/2024 8:51:05 PM"
"CiscoISE - Device changed IP in last 24 hours","Medium","Scheduled","CommandAndControl","8/22/2024 8:52:46 PM"
"SSH - Potential Brute Force","Low","Scheduled","CredentialAccess","8/22/2024 8:57:03 PM"
"SAP - (Preview) Data exported from a production system using a transport","Medium","Scheduled","Exfiltration","8/22/2024 9:05:33 PM"
"Linked Malicious Storage Artifacts","Medium","Scheduled","CommandAndControl, Exfiltration","8/22/2024 9:09:12 PM"
"Suspicious Sign-In Activities from High-Risk Countries_Custom","High","Scheduled","CredentialAccess, InitialAccess","9/5/2024 7:23:49 AM"
"TI map IP Entity to Auditlogs - Self-service password reset","Medium","Scheduled","InitialAccess","9/26/2024 9:42:59 AM"
"Entra ID Audit logs - user role assignment change","Low","Scheduled","Persistence","10/7/2024 2:52:06 PM"
"Impossible Travel Activity_Custom","High","Scheduled","InitialAccess, CredentialAccess","10/29/2024 5:21:10 AM"
"Failed MFA challenge","Medium","Scheduled","InitialAccess, CredentialAccess","11/5/2024 10:10:14 AM"
"Potential Account Compromise: Impossible Travel Activity","High","Scheduled","InitialAccess, CredentialAccess","1/16/2025 12:29:11 PM"
"BruteForce detected on the Windows Machine","High","Scheduled","CredentialAccess","11/15/2024 7:00:37 AM"
"Multiple Teams deleted by a single user","Low","Scheduled","","1/23/2025 6:36:25 AM"
"Account created or deleted by non-approved user","Medium","Scheduled","InitialAccess","2/9/2025 11:24:36 AM"
"Anomalous sign-in location by user account and authenticating application","Medium","Scheduled","InitialAccess","2/9/2025 11:25:07 AM"
"Rare application consent","Medium","Scheduled","Persistence, PrivilegeEscalation","2/9/2025 11:30:34 AM"
"First access credential added to Application or Service Principal where no credential was present","High","Scheduled","DefenseEvasion","2/9/2025 11:28:07 AM"
"Account Created and Deleted in Short Timeframe","High","Scheduled","InitialAccess","2/9/2025 11:24:24 AM"
"Modified domain federation trust settings","High","Scheduled","CredentialAccess, Persistence, PrivilegeEscalation","2/9/2025 11:24:44 AM"
"Admin promotion after Role Management Application Permission Grant","High","Scheduled","PrivilegeEscalation, Persistence","2/9/2025 11:24:57 AM"
"Authentication Methods Changed for Privileged Account","High","Scheduled","Persistence","2/9/2025 11:25:16 AM"
"Microsoft Entra ID PowerShell accessing non-Entra ID resources","Low","Scheduled","InitialAccess","2/9/2025 11:25:25 AM"
"Microsoft Entra ID Role Management Permission Grant","High","Scheduled","Persistence, Impact","2/9/2025 11:25:33 AM"
"Azure Portal sign in from another Azure Tenant","Medium","Scheduled","InitialAccess","2/9/2025 11:25:42 AM"
"Brute Force Attack against GitHub Account","Medium","Scheduled","CredentialAccess","2/9/2025 11:25:50 AM"
"Brute force attack against a Cloud PC","Medium","Scheduled","CredentialAccess","2/9/2025 11:26:00 AM"
"Bulk Changes to Privileged Account Permissions","High","Scheduled","PrivilegeEscalation","2/9/2025 11:26:08 AM"
"Attempt to bypass conditional access rule in Microsoft Entra ID","Low","Scheduled","InitialAccess, Persistence","2/9/2025 11:26:19 AM"
"Credential added after admin consented to Application","Medium","Scheduled","CredentialAccess","2/9/2025 11:26:27 AM"
"Cross-tenant Access Settings Organization Added","Medium","Scheduled","InitialAccess, Persistence, Discovery","2/9/2025 11:26:36 AM"
"Cross-tenant Access Settings Organization Deleted","Medium","Scheduled","InitialAccess, Persistence, Discovery","2/9/2025 11:26:44 AM"
"Cross-tenant Access Settings Organization Inbound Collaboration Settings Changed","Medium","Scheduled","InitialAccess, Persistence, Discovery","2/9/2025 11:26:53 AM"
"Cross-tenant Access Settings Organization Inbound Direct Settings Changed","Medium","Scheduled","InitialAccess, Persistence, Discovery","2/9/2025 11:27:02 AM"
"Attempts to sign in to disabled accounts","Medium","Scheduled","InitialAccess","2/9/2025 11:27:28 AM"
"Distributed Password cracking attempts in Microsoft Entra ID","Medium","Scheduled","CredentialAccess","2/9/2025 11:27:36 AM"
"Failed login attempts to Azure Portal","Low","Scheduled","CredentialAccess","2/9/2025 11:27:59 AM"
"Guest accounts added in AAD Groups other than the ones specified","High","Scheduled","InitialAccess, Persistence, Discovery","2/9/2025 11:28:16 AM"
"Mail.Read Permissions Granted to Application","Medium","Scheduled","Persistence","2/9/2025 11:28:25 AM"
"Suspicious application consent similar to O365 Attack Toolkit","High","Scheduled","CredentialAccess, DefenseEvasion","2/9/2025 11:28:33 AM"
"Suspicious application consent similar to PwnAuth","Medium","Scheduled","CredentialAccess, DefenseEvasion","2/9/2025 11:28:42 AM"
"MFA Rejected by User","Medium","Scheduled","InitialAccess","2/9/2025 11:28:50 AM"
"Multiple admin membership removals from newly created admin.","Medium","Scheduled","Impact","2/9/2025 11:29:04 AM"
"New access credential added to Application or Service Principal","Medium","Scheduled","DefenseEvasion","2/9/2025 11:29:18 AM"
"PIM Elevation Request Rejected","High","Scheduled","Persistence","2/9/2025 11:30:03 AM"
"Privileged Accounts - Sign in Failure Spikes","High","Scheduled","InitialAccess","2/9/2025 11:30:16 AM"
"Privileged Role Assigned Outside PIM","Low","Scheduled","PrivilegeEscalation","2/9/2025 11:30:25 AM"
"Password spray attack against Microsoft Entra ID Seamless SSO","Medium","Scheduled","CredentialAccess","2/9/2025 11:30:43 AM"
"GitHub Signin Burst from Multiple Locations","Medium","Scheduled","CredentialAccess","2/9/2025 11:30:52 AM"
"Sign-ins from IPs that attempt sign-ins to disabled accounts","Medium","Scheduled","InitialAccess, Persistence","2/9/2025 11:31:05 AM"
"Brute force attack against Azure Portal","Medium","Scheduled","CredentialAccess","2/9/2025 11:31:14 AM"
"Password spray attack against Microsoft Entra ID application","Medium","Scheduled","CredentialAccess","2/9/2025 11:31:28 AM"
"Successful logon from IP and failure from a different IP","Medium","Scheduled","CredentialAccess, InitialAccess","2/9/2025 11:31:37 AM"
"Suspicious application consent for offline access","Low","Scheduled","CredentialAccess","2/9/2025 11:31:54 AM"
"Suspicious Service Principal creation activity","Low","Scheduled","CredentialAccess, PrivilegeEscalation, InitialAccess","2/9/2025 11:32:04 AM"
"External guest invitation followed by Microsoft Entra ID PowerShell signin","Medium","Scheduled","InitialAccess, Persistence, Discovery","2/9/2025 11:32:19 AM"
"User Accounts - Sign in Failure due to CA Spikes","Medium","Scheduled","InitialAccess","2/9/2025 11:32:28 AM"
"User added to Microsoft Entra ID Privileged Groups","Medium","Scheduled","Persistence, PrivilegeEscalation","2/9/2025 11:32:36 AM"
"New User Assigned to Privileged Role","High","Scheduled","Persistence","2/9/2025 11:32:53 AM"
"New CloudShell User","Low","Scheduled","Execution","2/11/2025 5:40:18 AM"
"Creation of expensive computes in Azure","Low","Scheduled","DefenseEvasion","2/11/2025 6:24:51 AM"
"Stellar Incident -","High","NRT","","2/21/2025 5:52:59 AM"
"Test-Entra ID Playbook","Medium","Scheduled","","2/19/2025 3:52:21 PM"
"Sign-In from a suspicious Country Detected_Custom","High","Scheduled","DefenseEvasion, CredentialAccess, Discovery","3/22/2025 1:16:03 PM"
"Authentication Methods Changed for Privileged Account","High","Scheduled","Persistence","4/7/2025 12:16:51 PM"
"Preview - TI map Email entity to Cloud App Events","Medium","Scheduled","InitialAccess","4/18/2025 1:23:57 PM"
"TI Map URL Entity to EmailUrlInfo","Medium","Scheduled","CommandAndControl","4/18/2025 2:32:54 PM"
"Preview - TI map Domain entity to Cloud App Events","Medium","Scheduled","CommandAndControl","4/18/2025 2:33:45 PM"
"Bitsadmin Activity","Medium","Scheduled","Persistence, CommandAndControl, Exfiltration","4/20/2025 11:39:50 AM"
"Detect Suspicious Commands Initiated by Webserver Processes","High","Scheduled","Execution, DefenseEvasion, Discovery","4/20/2025 11:40:45 AM"
"Imminent Ransomware","High","Scheduled","DefenseEvasion, Persistence","4/20/2025 11:42:33 AM"
"Atypical Travel Activity Observed","High","Scheduled","CredentialAccess, PrivilegeEscalation, Persistence","5/20/2025 6:32:45 AM"
"TI map Domain entity to SecurityAlert","Medium","Scheduled","CommandAndControl","5/22/2025 11:37:19 AM"
"Automation Test Rule","Low","Scheduled","","8/5/2025 4:57:59 AM"
"NRT-DESC-Threat Activity Detected","High","NRT","","10/14/2025 12:06:21 PM"
"Linux | Shell pip to Shell","Medium","NRT","Execution","11/8/2025 12:14:23 PM"
"Failed Logon Multiple times","High","Scheduled","InitialAccess, CredentialAccess","11/20/2025 7:27:04 AM"
"ZPA_login","Medium","Scheduled","","11/19/2025 10:53:15 AM"
"NRT – Addition to Privileged Role","High","NRT","PrivilegeEscalation","11/20/2025 8:07:37 AM"
"Cloudflare - Unexpected URI","Medium","Scheduled","InitialAccess","12/5/2025 5:36:14 AM"
"Impossible Travel login detected","High","NRT","","12/10/2025 10:53:43 AM"
"Heartbeat_Stoppage_Alert","Medium","Scheduled","","12/13/2025 5:27:27 PM"
"Failed login attempts to Azure Portal","Low","Scheduled","CredentialAccess","12/17/2025 8:45:07 AM"
"jisstestblock","Medium","NRT","","1/16/2026 8:47:28 AM"
"successful logon followed by multiple failed logon","Medium","NRT","","12/24/2025 1:36:18 PM"
"hrishikeshtest","Medium","NRT","","1/14/2026 1:50:32 PM"
"jiss reset rule","Medium","NRT","","1/16/2026 9:25:30 AM"
